threshold,min_distance,alpha,max_coast,v_max,max_distance,f1,precision,recall,phantom_rate,empty_det_frames,empty_frames,rmse,mae,median_err,p90_err,nb_mean_f1,nb_min_f1,tp,fp,fn,n_matched
0.550000,0.700000,0.250000,6,4.000000,1.690000,0.882011,0.885398,0.878650,0.016467,247,15000,0.314256,0.261553,0.220994,0.487109,0.881131,0.879868,369033,47766,50967,369033
0.550000,0.700000,0.300000,6,4.000000,1.690000,0.881990,0.885407,0.878600,0.016467,247,15000,0.309792,0.255696,0.213114,0.482854,0.881278,0.879941,369012,47759,50988,369012
0.550000,0.700000,0.350000,6,4.000000,1.690000,0.881849,0.885140,0.878583,0.016467,247,15000,0.307362,0.252275,0.208444,0.481224,0.881129,0.879756,369005,47884,50995,369005
0.550000,0.700000,0.400000,6,4.000000,1.690000,0.881442,0.884775,0.878133,0.016467,247,15000,0.306094,0.250326,0.205675,0.480200,0.880715,0.879491,368816,48031,51184,368816
0.550000,0.600000,0.250000,6,4.000000,1.690000,0.881432,0.883546,0.879329,0.016467,247,15000,0.313785,0.261180,0.220763,0.486182,0.880834,0.879349,369318,48677,50682,369318
0.550000,0.500000,0.250000,6,4.000000,1.690000,0.881402,0.883413,0.879400,0.016467,247,15000,0.313756,0.261156,0.220742,0.486126,0.880589,0.879275,369348,48744,50652,369348
0.500000,0.700000,0.300000,6,4.000000,1.690000,0.881395,0.870154,0.892931,0.023467,352,15000,0.307868,0.252922,0.209360,0.482075,0.880309,0.876473,375031,55963,44969,375031
0.550000,0.600000,0.350000,6,4.000000,1.690000,0.881370,0.883388,0.879362,0.016467,247,15000,0.306814,0.251878,0.208261,0.480014,0.880825,0.879324,369332,48754,50668,369332
0.550000,0.600000,0.300000,6,4.000000,1.690000,0.881345,0.883451,0.879250,0.016467,247,15000,0.309282,0.255323,0.212923,0.481788,0.880945,0.879434,369285,48718,50715,369285
0.500000,0.700000,0.250000,6,4.000000,1.690000,0.881314,0.870085,0.892836,0.023467,352,15000,0.311879,0.258211,0.216370,0.485817,0.880259,0.876810,374991,55991,45009,374991
0.550000,0.500000,0.350000,6,4.000000,1.690000,0.881303,0.883213,0.879402,0.016467,247,15000,0.306809,0.251874,0.208272,0.479982,0.880600,0.879220,369349,48839,50651,369349
0.550000,0.500000,0.300000,6,4.000000,1.690000,0.881279,0.883270,0.879298,0.016467,247,15000,0.309260,0.255313,0.212925,0.481731,0.880742,0.879336,369305,48806,50695,369305
0.500000,0.700000,0.350000,6,4.000000,1.690000,0.881196,0.869926,0.892762,0.023467,352,15000,0.305841,0.250047,0.205498,0.480549,0.880098,0.875994,374960,56065,45040,374960
0.500000,0.700000,0.250000,5,4.000000,1.530000,0.881020,0.873243,0.888938,0.021000,315,15000,0.308749,0.255891,0.215034,0.479743,0.879854,0.877314,373354,54195,46646,373354
0.550000,0.600000,0.400000,6,4.000000,1.690000,0.880964,0.883000,0.878938,0.016467,247,15000,0.305626,0.249972,0.205452,0.479202,0.880435,0.879005,369154,48914,50846,369154
0.500000,0.600000,0.300000,6,4.000000,1.690000,0.880912,0.868478,0.893707,0.023467,352,15000,0.307439,0.252565,0.209091,0.480955,0.879958,0.875611,375357,56844,44643,375357
0.500000,0.700000,0.300000,5,4.000000,1.530000,0.880903,0.873176,0.888767,0.021000,315,15000,0.305119,0.250947,0.208309,0.476976,0.879969,0.877023,373282,54217,46718,373282
0.550000,0.500000,0.400000,6,4.000000,1.690000,0.880822,0.882728,0.878924,0.016467,247,15000,0.305600,0.249945,0.205431,0.479117,0.880194,0.878867,369148,49042,50852,369148
0.500000,0.500000,0.300000,6,4.000000,1.690000,0.880802,0.868258,0.893714,0.023467,352,15000,0.307480,0.252557,0.209055,0.480887,0.879692,0.875452,375360,56954,44640,375360
0.500000,0.600000,0.250000,6,4.000000,1.690000,0.880798,0.868368,0.893588,0.023467,352,15000,0.311349,0.257769,0.215994,0.484552,0.879934,0.875902,375307,56891,44693,375307
0.500000,0.700000,0.350000,5,4.000000,1.530000,0.880788,0.873069,0.888645,0.021000,315,15000,0.303374,0.248253,0.204446,0.476309,0.879765,0.876568,373231,54262,46769,373231
0.500000,0.500000,0.250000,6,4.000000,1.690000,0.880677,0.868146,0.893576,0.023467,352,15000,0.311345,0.257728,0.215950,0.484412,0.879663,0.875758,375302,57001,44698,375302
0.500000,0.600000,0.350000,6,4.000000,1.690000,0.880664,0.868229,0.893460,0.023467,352,15000,0.305357,0.249688,0.205289,0.479595,0.879729,0.875039,375253,56952,44747,375253
0.500000,0.700000,0.400000,6,4.000000,1.690000,0.880617,0.869398,0.892129,0.023467,352,15000,0.305132,0.248613,0.203152,0.480750,0.879487,0.875109,374694,56287,45306,374694
0.500000,0.600000,0.250000,5,4.000000,1.530000,0.880567,0.871653,0.889667,0.021000,315,15000,0.308366,0.255560,0.214717,0.478839,0.879544,0.876574,373660,55020,46340,373660
0.500000,0.500000,0.350000,6,4.000000,1.690000,0.880500,0.867956,0.893412,0.023467,352,15000,0.305339,0.249652,0.205250,0.479501,0.879455,0.874942,375233,57085,44767,375233
0.500000,0.600000,0.300000,5,4.000000,1.530000,0.880453,0.871565,0.889524,0.021000,315,15000,0.304840,0.250683,0.208088,0.476238,0.879623,0.876327,373600,55054,46400,373600
0.500000,0.500000,0.250000,5,4.000000,1.530000,0.880431,0.871413,0.889638,0.021000,315,15000,0.308367,0.255523,0.214638,0.478755,0.879289,0.876476,373648,55136,46352,373648
0.550000,0.700000,0.300000,5,4.000000,1.530000,0.880413,0.887509,0.873431,0.014867,223,15000,0.306536,0.253332,0.211765,0.476986,0.879979,0.877890,366841,46497,53159,366841
0.500000,0.700000,0.400000,5,4.000000,1.530000,0.880383,0.872683,0.888219,0.021000,315,15000,0.302853,0.246972,0.202255,0.476358,0.879269,0.876010,373052,54425,46948,373052
0.500000,0.500000,0.300000,5,4.000000,1.530000,0.880344,0.871345,0.889531,0.021000,315,15000,0.304850,0.250656,0.208034,0.476146,0.879394,0.876217,373603,55163,46397,373603
0.550000,0.700000,0.350000,5,4.000000,1.530000,0.880301,0.887250,0.873460,0.014867,223,15000,0.304303,0.250087,0.207300,0.475400,0.879913,0.877944,366853,46619,53147,366853
0.500000,0.600000,0.350000,5,4.000000,1.530000,0.880245,0.871364,0.889310,0.021000,315,15000,0.303039,0.247964,0.204247,0.475354,0.879407,0.875807,373510,55140,46490,373510
0.550000,0.700000,0.250000,5,4.000000,1.530000,0.880169,0.887161,0.873286,0.014867,223,15000,0.310671,0.258928,0.219432,0.480364,0.879858,0.877722,366780,46651,53220,366780
0.500000,0.500000,0.350000,5,4.000000,1.530000,0.880103,0.871110,0.889283,0.021000,315,15000,0.303036,0.247937,0.204199,0.475281,0.879165,0.875720,373499,55263,46501,373499
0.500000,0.600000,0.400000,6,4.000000,1.690000,0.879994,0.867575,0.892774,0.023467,352,15000,0.304715,0.248289,0.202915,0.479647,0.879119,0.874078,374965,57234,45035,374965
0.550000,0.700000,0.300000,6,2.500000,1.270000,0.879941,0.880174,0.879707,0.016467,247,15000,0.305238,0.252558,0.211781,0.473163,0.879417,0.877687,369477,50300,50523,369477
0.550000,0.700000,0.400000,5,4.000000,1.530000,0.879928,0.886881,0.873083,0.014867,223,15000,0.303419,0.248388,0.204677,0.474809,0.879629,0.877814,366695,46771,53305,366695
0.550000,0.700000,0.250000,6,2.500000,1.270000,0.879868,0.880084,0.879652,0.016467,247,15000,0.309893,0.258578,0.219707,0.477893,0.879347,0.877633,369454,50340,50546,369454
0.500000,0.500000,0.400000,6,4.000000,1.690000,0.879838,0.867311,0.892733,0.023467,352,15000,0.304640,0.248221,0.202876,0.479366,0.878810,0.873940,374948,57363,45052,374948
0.550000,0.600000,0.300000,5,4.000000,1.530000,0.879795,0.885572,0.874093,0.014867,223,15000,0.305983,0.252920,0.211502,0.475799,0.879572,0.877285,367119,47437,52881,367119
0.500000,0.600000,0.400000,5,4.000000,1.530000,0.879794,0.870930,0.888840,0.021000,315,15000,0.302469,0.246660,0.202014,0.475362,0.878902,0.875092,373313,55324,46687,373313
0.550000,0.600000,0.350000,5,4.000000,1.530000,0.879777,0.885480,0.874148,0.014867,223,15000,0.303692,0.249657,0.207084,0.474114,0.879540,0.877360,367142,47483,52858,367142
0.550000,0.700000,0.350000,6,2.500000,1.270000,0.879756,0.879921,0.879590,0.016467,247,15000,0.302636,0.249014,0.207108,0.470739,0.879303,0.877489,369428,50414,50572,369428
0.550000,0.500000,0.300000,5,4.000000,1.530000,0.879722,0.885395,0.874121,0.014867,223,15000,0.305930,0.252892,0.211502,0.475702,0.879404,0.877184,367131,47521,52869,367131
0.550000,0.500000,0.350000,5,4.000000,1.530000,0.879702,0.885301,0.874174,0.014867,223,15000,0.303650,0.249635,0.207091,0.474057,0.879372,0.877257,367153,47568,52847,367153
0.500000,0.500000,0.400000,5,4.000000,1.530000,0.879692,0.870717,0.888855,0.021000,315,15000,0.302441,0.246621,0.201981,0.475229,0.878630,0.874988,373319,55430,46681,373319
0.550000,0.600000,0.250000,5,4.000000,1.530000,0.879502,0.885200,0.873876,0.014867,223,15000,0.310156,0.258536,0.219169,0.479302,0.879480,0.877146,367028,47599,52972,367028
0.550000,0.700000,0.400000,6,2.500000,1.270000,0.879491,0.879676,0.879307,0.016467,247,15000,0.301687,0.247287,0.204417,0.470475,0.878986,0.877458,369309,50515,50691,369309
0.550000,0.500000,0.250000,5,4.000000,1.530000,0.879466,0.885066,0.873936,0.014867,223,15000,0.310094,0.258500,0.219155,0.479183,0.879324,0.877073,367053,47665,52947,367053
0.550000,0.600000,0.400000,5,4.000000,1.530000,0.879451,0.885136,0.873838,0.014867,223,15000,0.302820,0.247968,0.204443,0.473630,0.879269,0.877241,367012,47627,52988,367012
0.550000,0.600000,0.300000,6,2.500000,1.270000,0.879434,0.878401,0.880469,0.016467,247,15000,0.304732,0.252205,0.211565,0.472109,0.879049,0.877218,369797,51192,50203,369797
0.550000,0.500000,0.400000,5,4.000000,1.530000,0.879367,0.884948,0.873855,0.014867,223,15000,0.302776,0.247946,0.204456,0.473565,0.879098,0.877137,367019,47716,52981,367019
0.550000,0.600000,0.250000,6,2.500000,1.270000,0.879349,0.878334,0.880367,0.016467,247,15000,0.309436,0.258243,0.219503,0.476972,0.879024,0.877202,369754,51218,50246,369754
0.550000,0.500000,0.300000,6,2.500000,1.270000,0.879336,0.878199,0.880476,0.016467,247,15000,0.304708,0.252182,0.211548,0.471997,0.878871,0.877116,369800,51289,50200,369800
0.550000,0.600000,0.350000,6,2.500000,1.270000,0.879324,0.878230,0.880421,0.016467,247,15000,0.302161,0.248686,0.206934,0.469665,0.878962,0.877054,369777,51271,50223,369777
0.550000,0.500000,0.250000,6,2.500000,1.270000,0.879275,0.878151,0.880402,0.016467,247,15000,0.309407,0.258207,0.219475,0.476778,0.878848,0.877125,369769,51308,50231,369769
0.550000,0.500000,0.350000,6,2.500000,1.270000,0.879220,0.878022,0.880421,0.016467,247,15000,0.302142,0.248664,0.206920,0.469581,0.878778,0.876942,369777,51371,50223,369777
0.500000,0.700000,0.300000,4,4.000000,1.370000,0.879192,0.875980,0.882429,0.018400,276,15000,0.302231,0.248610,0.206765,0.470393,0.878368,0.876609,370620,52472,49380,370620
0.500000,0.700000,0.350000,4,4.000000,1.370000,0.879089,0.875893,0.882310,0.018400,276,15000,0.300682,0.246120,0.203044,0.470255,0.878262,0.876387,370570,52507,49430,370570
0.500000,0.700000,0.250000,4,4.000000,1.370000,0.879043,0.875743,0.882369,0.018400,276,15000,0.305647,0.253373,0.213216,0.473210,0.878286,0.876742,370595,52583,49405,370595
0.550000,0.600000,0.400000,6,2.500000,1.270000,0.879005,0.877908,0.880105,0.016467,247,15000,0.301210,0.246946,0.204213,0.469507,0.878656,0.876963,369644,51407,50356,369644
0.550000,0.500000,0.400000,6,2.500000,1.270000,0.878867,0.877649,0.880088,0.016467,247,15000,0.301203,0.246929,0.204195,0.469451,0.878448,0.876825,369637,51530,50363,369637
0.500000,0.700000,0.400000,4,4.000000,1.370000,0.878722,0.875479,0.881990,0.018400,276,15000,0.300001,0.244822,0.200996,0.469731,0.877897,0.875794,370436,52688,49564,370436
0.500000,0.600000,0.300000,4,4.000000,1.370000,0.878722,0.874320,0.883169,0.018400,276,15000,0.301812,0.248274,0.206471,0.469294,0.878059,0.876080,370931,53320,49069,370931
0.500000,0.500000,0.300000,4,4.000000,1.370000,0.878604,0.874090,0.883164,0.018400,276,15000,0.301824,0.248256,0.206427,0.469254,0.877843,0.875944,370929,53431,49071,370929
0.500000,0.600000,0.350000,4,4.000000,1.370000,0.878598,0.874192,0.883050,0.018400,276,15000,0.300352,0.245831,0.202799,0.469176,0.877931,0.875831,370881,53375,49119,370881
0.500000,0.600000,0.250000,4,4.000000,1.370000,0.878554,0.874081,0.883074,0.018400,276,15000,0.305180,0.253006,0.212840,0.472109,0.877991,0.876183,370891,53430,49109,370891
0.500000,0.700000,0.300000,5,2.500000,1.170000,0.878533,0.868701,0.888590,0.021000,315,15000,0.301735,0.248517,0.207240,0.468252,0.877782,0.873702,373208,56408,46792,373208
0.500000,0.700000,0.250000,5,2.500000,1.170000,0.878502,0.868587,0.888645,0.021000,315,15000,0.305813,0.253745,0.213972,0.472234,0.877763,0.873987,373231,56468,46769,373231
0.500000,0.500000,0.350000,4,4.000000,1.370000,0.878480,0.873962,0.883045,0.018400,276,15000,0.300365,0.245819,0.202766,0.469144,0.877705,0.875687,370879,53486,49121,370879
0.500000,0.700000,0.250000,6,2.500000,1.270000,0.878462,0.865070,0.892276,0.023467,352,15000,0.307792,0.255317,0.215042,0.476484,0.877909,0.873541,374756,58453,45244,374756
0.500000,0.500000,0.250000,4,4.000000,1.370000,0.878434,0.873857,0.883060,0.018400,276,15000,0.305187,0.252983,0.212783,0.472096,0.877774,0.876065,370885,53538,49115,370885
0.500000,0.700000,0.350000,5,2.500000,1.170000,0.878408,0.868622,0.888417,0.021000,315,15000,0.299788,0.245719,0.203341,0.467401,0.877638,0.873361,373135,56436,46865,373135
0.550000,0.700000,0.300000,5,2.500000,1.170000,0.878371,0.882525,0.874255,0.014867,223,15000,0.303284,0.250932,0.210566,0.468720,0.878237,0.875913,367187,48877,52813,367187
0.550000,0.700000,0.350000,5,2.500000,1.170000,0.878299,0.882406,0.874231,0.014867,223,15000,0.300773,0.247545,0.206117,0.466582,0.878174,0.875917,367177,48932,52823,367177
0.500000,0.700000,0.300000,6,2.500000,1.270000,0.878290,0.864932,0.892067,0.023467,352,15000,0.303459,0.249867,0.208134,0.472189,0.877886,0.873127,374668,58508,45332,374668
0.500000,0.700000,0.350000,6,2.500000,1.270000,0.878278,0.864972,0.892000,0.023467,352,15000,0.301319,0.246922,0.204190,0.471030,0.877671,0.872530,374640,58484,45360,374640
0.550000,0.700000,0.250000,5,2.500000,1.170000,0.878166,0.882313,0.874057,0.014867,223,15000,0.307705,0.256737,0.218279,0.472679,0.878130,0.875810,367104,48966,52896,367104
0.500000,0.600000,0.400000,4,4.000000,1.370000,0.878117,0.873655,0.882626,0.018400,276,15000,0.299580,0.244486,0.200719,0.468548,0.877557,0.875143,370703,53610,49297,370703
0.550000,0.700000,0.400000,5,2.500000,1.170000,0.878087,0.882179,0.874033,0.014867,223,15000,0.299573,0.245694,0.203454,0.465503,0.877948,0.875820,367094,49028,52906,367094
0.500000,0.500000,0.400000,4,4.000000,1.370000,0.878017,0.873451,0.882631,0.018400,276,15000,0.299561,0.244457,0.200695,0.468485,0.877330,0.875027,370705,53709,49295,370705
0.500000,0.600000,0.250000,5,2.500000,1.170000,0.877998,0.866987,0.889293,0.021000,315,15000,0.305266,0.253340,0.213671,0.470951,0.877421,0.873267,373503,57303,46497,373503
0.500000,0.600000,0.300000,5,2.500000,1.170000,0.877965,0.867004,0.889207,0.021000,315,15000,0.301175,0.248093,0.206970,0.466961,0.877393,0.872952,373467,57289,46533,373467
0.550000,0.700000,0.350000,4,4.000000,1.370000,0.877944,0.889719,0.866476,0.013133,197,15000,0.301221,0.247613,0.205553,0.469543,0.877495,0.873643,363920,45108,56080,363920
0.500000,0.500000,0.250000,5,2.500000,1.170000,0.877916,0.866812,0.889310,0.021000,315,15000,0.305243,0.253300,0.213592,0.470953,0.877215,0.873151,373510,57391,46490,373510
0.500000,0.700000,0.400000,5,2.500000,1.170000,0.877911,0.868099,0.887948,0.021000,315,15000,0.298754,0.244178,0.201117,0.467019,0.877256,0.872911,372938,56665,47062,372938
0.550000,0.700000,0.300000,4,4.000000,1.370000,0.877890,0.889732,0.866360,0.013133,197,15000,0.303250,0.250609,0.209755,0.470365,0.877503,0.873664,363871,45096,56129,363871
0.500000,0.500000,0.300000,5,2.500000,1.170000,0.877871,0.866796,0.889233,0.021000,315,15000,0.301153,0.248054,0.206907,0.466882,0.877192,0.872841,373478,57394,46522,373478
0.500000,0.600000,0.250000,6,2.500000,1.270000,0.877869,0.863372,0.892862,0.023467,352,15000,0.307206,0.254896,0.214741,0.475372,0.877502,0.872644,375002,59344,44998,375002
0.550000,0.600000,0.350000,5,2.500000,1.170000,0.877858,0.880746,0.874988,0.014867,223,15000,0.300341,0.247232,0.205952,0.465523,0.877776,0.875403,367495,49759,52505,367495
0.550000,0.600000,0.300000,5,2.500000,1.170000,0.877853,0.880787,0.874938,0.014867,223,15000,0.302781,0.250578,0.210383,0.467691,0.877822,0.875380,367474,49737,52526,367474
0.500000,0.600000,0.350000,5,2.500000,1.170000,0.877840,0.866925,0.889033,0.021000,315,15000,0.299350,0.245378,0.203129,0.466046,0.877236,0.872612,373394,57317,46606,373394
0.550000,0.700000,0.400000,4,4.000000,1.370000,0.877814,0.889530,0.866402,0.013133,197,15000,0.300582,0.246164,0.203142,0.469468,0.877306,0.873676,363889,45191,56111,363889
0.500000,0.500000,0.250000,6,2.500000,1.270000,0.877775,0.863180,0.892871,0.023467,352,15000,0.307195,0.254863,0.214691,0.475344,0.877309,0.872505,375006,59441,44994,375006
0.550000,0.600000,0.250000,5,2.500000,1.170000,0.877761,0.880701,0.874840,0.014867,223,15000,0.307223,0.256372,0.218091,0.471709,0.877722,0.875344,367433,49772,52567,367433
0.550000,0.500000,0.350000,5,2.500000,1.170000,0.877741,0.880523,0.874976,0.014867,223,15000,0.300321,0.247210,0.205931,0.465433,0.877631,0.875297,367490,49864,52510,367490
0.550000,0.500000,0.300000,5,2.500000,1.170000,0.877738,0.880566,0.874929,0.014867,223,15000,0.302761,0.250554,0.210362,0.467607,0.877687,0.875276,367470,49841,52530,367470
0.550000,0.700000,0.250000,4,4.000000,1.370000,0.877722,0.889575,0.866181,0.013133,197,15000,0.307306,0.256055,0.217141,0.473703,0.877356,0.873716,363796,45159,56204,363796
0.500000,0.500000,0.350000,5,2.500000,1.170000,0.877699,0.866670,0.889012,0.021000,315,15000,0.299341,0.245354,0.203076,0.466049,0.877012,0.872498,373385,57442,46615,373385
0.550000,0.700000,0.300000,6,1.500000,0.990000,0.877687,0.875631,0.879752,0.016467,247,15000,0.303984,0.251472,0.210970,0.469872,0.877415,0.875298,369496,52481,50504,369496
0.550000,0.500000,0.250000,5,2.500000,1.170000,0.877674,0.880511,0.874855,0.014867,223,15000,0.307183,0.256332,0.218054,0.471569,0.877608,0.875268,367439,49863,52561,367439
0.500000,0.700000,0.400000,6,2.500000,1.270000,0.877666,0.864362,0.891386,0.023467,352,15000,0.300340,0.245392,0.201923,0.470267,0.877252,0.871718,374382,58749,45618,374382
0.500000,0.600000,0.300000,6,2.500000,1.270000,0.877645,0.863180,0.892602,0.023467,352,15000,0.302923,0.249465,0.207864,0.470843,0.877431,0.872241,374893,59423,45107,374893
0.500000,0.600000,0.350000,6,2.500000,1.270000,0.877639,0.863224,0.892543,0.023467,352,15000,0.300837,0.246557,0.203961,0.469735,0.877225,0.871685,374868,59397,45132,374868
0.550000,0.700000,0.250000,6,1.500000,0.990000,0.877633,0.875602,0.879674,0.016467,247,15000,0.308898,0.257645,0.218869,0.475390,0.877369,0.875429,369463,52490,50537,369463
0.550000,0.600000,0.400000,5,2.500000,1.170000,0.877631,0.880500,0.874781,0.014867,223,15000,0.299160,0.245384,0.203255,0.464454,0.877563,0.875266,367408,49864,52592,367408
0.500000,0.500000,0.300000,6,2.500000,1.270000,0.877570,0.863001,0.892640,0.023467,352,15000,0.302920,0.249440,0.207825,0.470770,0.877250,0.872105,374909,59516,45091,374909
0.550000,0.500000,0.400000,5,2.500000,1.170000,0.877514,0.880277,0.874769,0.014867,223,15000,0.299143,0.245364,0.203241,0.464381,0.877412,0.875161,367403,49969,52597,367403
0.550000,0.700000,0.350000,6,1.500000,0.990000,0.877489,0.875389,0.879598,0.016467,247,15000,0.301301,0.247945,0.206459,0.467404,0.877326,0.875275,369431,52588,50569,369431
0.500000,0.500000,0.350000,6,2.500000,1.270000,0.877489,0.862967,0.892507,0.023467,352,15000,0.300817,0.246524,0.203914,0.469685,0.877008,0.871556,374853,59524,45147,374853
0.550000,0.700000,0.400000,6,1.500000,0.990000,0.877458,0.875399,0.879526,0.016467,247,15000,0.300283,0.246129,0.203692,0.466447,0.877190,0.875330,369401,52579,50599,369401
0.550000,0.600000,0.350000,4,4.000000,1.370000,0.877360,0.887862,0.867105,0.013133,197,15000,0.300880,0.247357,0.205374,0.468684,0.877138,0.873375,364184,45997,55816,364184
0.500000,0.600000,0.400000,5,2.500000,1.170000,0.877351,0.866408,0.888574,0.021000,315,15000,0.298372,0.243865,0.200860,0.465899,0.876844,0.872130,373201,57544,46799,373201
0.450000,0.700000,0.250000,5,4.000000,1.530000,0.877314,0.856816,0.898817,0.032933,494,15000,0.307096,0.253571,0.211886,0.478920,0.875773,0.866694,377503,63085,42497,377503
0.550000,0.600000,0.300000,4,4.000000,1.370000,0.877285,0.887829,0.866988,0.013133,197,15000,0.302864,0.250302,0.209525,0.469465,0.877129,0.873402,364135,46006,55865,364135
0.550000,0.500000,0.350000,4,4.000000,1.370000,0.877257,0.887640,0.867114,0.013133,197,15000,0.300874,0.247345,0.205362,0.468648,0.876964,0.873297,364188,46100,55812,364188
0.500000,0.700000,0.250000,4,2.500000,1.070000,0.877254,0.871931,0.882643,0.018400,276,15000,0.303380,0.251802,0.212521,0.467223,0.876588,0.873975,370710,54450,49290,370710
0.550000,0.600000,0.400000,4,4.000000,1.370000,0.877241,0.887691,0.867033,0.013133,197,15000,0.300208,0.245886,0.202943,0.468606,0.876960,0.873294,364154,46072,55846,364154
0.500000,0.700000,0.300000,4,2.500000,1.070000,0.877239,0.872013,0.882529,0.018400,276,15000,0.299593,0.246782,0.205977,0.463905,0.876645,0.873887,370662,54403,49338,370662
0.500000,0.500000,0.400000,5,2.500000,1.170000,0.877239,0.866189,0.888574,0.021000,315,15000,0.298329,0.243821,0.200826,0.465769,0.876628,0.872011,373201,57653,46799,373201
0.550000,0.600000,0.300000,6,1.500000,0.990000,0.877218,0.873956,0.880505,0.016467,247,15000,0.303538,0.251157,0.210816,0.468860,0.877066,0.874745,369812,53335,50188,369812
0.550000,0.600000,0.250000,6,1.500000,0.990000,0.877202,0.874002,0.880426,0.016467,247,15000,0.308465,0.257310,0.218660,0.474428,0.877050,0.874975,369779,53308,50221,369779
0.550000,0.500000,0.300000,4,4.000000,1.370000,0.877184,0.887609,0.867000,0.013133,197,15000,0.302860,0.250290,0.209506,0.469427,0.876966,0.873324,364140,46108,55860,364140
0.550000,0.600000,0.250000,4,4.000000,1.370000,0.877146,0.887727,0.866814,0.013133,197,15000,0.306882,0.255717,0.216883,0.473045,0.877015,0.873490,364062,46044,55938,364062
0.550000,0.500000,0.400000,4,4.000000,1.370000,0.877137,0.887469,0.867043,0.013133,197,15000,0.300202,0.245875,0.202937,0.468570,0.876771,0.873216,364158,46175,55842,364158
0.550000,0.500000,0.250000,6,1.500000,0.990000,0.877125,0.873820,0.880455,0.016467,247,15000,0.308443,0.257280,0.218635,0.474305,0.876895,0.874887,369791,53398,50209,369791
0.550000,0.500000,0.300000,6,1.500000,0.990000,0.877116,0.873747,0.880512,0.016467,247,15000,0.303533,0.251145,0.210805,0.468810,0.876908,0.874654,369815,53437,50185,369815
0.500000,0.700000,0.350000,4,2.500000,1.070000,0.877090,0.871844,0.882400,0.018400,276,15000,0.297561,0.243977,0.202149,0.462540,0.876521,0.873724,370608,54477,49392,370608
0.550000,0.500000,0.250000,4,4.000000,1.370000,0.877073,0.887540,0.866850,0.013133,197,15000,0.306867,0.255693,0.216845,0.472966,0.876855,0.873413,364077,46132,55923,364077
0.550000,0.600000,0.350000,6,1.500000,0.990000,0.877054,0.873762,0.880371,0.016467,247,15000,0.300911,0.247669,0.206325,0.466488,0.876962,0.874680,369756,53421,50244,369756
0.450000,0.700000,0.300000,5,4.000000,1.530000,0.877023,0.856512,0.898540,0.032933,494,15000,0.304437,0.249408,0.205897,0.476559,0.875726,0.866601,377387,63222,42613,377387
0.500000,0.600000,0.400000,6,2.500000,1.270000,0.877005,0.862555,0.891948,0.023467,352,15000,0.299869,0.245022,0.201649,0.469079,0.876796,0.870921,374618,59694,45382,374618
0.550000,0.600000,0.400000,6,1.500000,0.990000,0.876963,0.873674,0.880276,0.016467,247,15000,0.299798,0.245781,0.203491,0.465293,0.876844,0.874698,369716,53458,50284,369716
0.550000,0.500000,0.350000,6,1.500000,0.990000,0.876942,0.873539,0.880371,0.016467,247,15000,0.300910,0.247656,0.206319,0.466394,0.876798,0.874518,369756,53529,50244,369756
0.500000,0.700000,0.400000,4,2.500000,1.070000,0.876891,0.871609,0.882238,0.018400,276,15000,0.296722,0.242595,0.200014,0.462104,0.876226,0.873307,370540,54582,49460,370540
0.500000,0.500000,0.400000,6,2.500000,1.270000,0.876882,0.862334,0.891929,0.023467,352,15000,0.299799,0.244962,0.201624,0.468868,0.876587,0.870826,374610,59804,45390,374610
0.500000,0.600000,0.250000,4,2.500000,1.070000,0.876843,0.870385,0.883398,0.018400,276,15000,0.302887,0.251444,0.212236,0.466095,0.876287,0.873530,371027,55252,48973,371027
0.550000,0.500000,0.400000,6,1.500000,0.990000,0.876825,0.873418,0.880260,0.016467,247,15000,0.299795,0.245767,0.203479,0.465229,0.876655,0.874552,369709,53581,50291,369709
0.450000,0.700000,0.250000,6,4.000000,1.690000,0.876810,0.853001,0.901986,0.037200,558,15000,0.310077,0.255653,0.212937,0.484275,0.875156,0.864737,378834,65285,41166,378834
0.500000,0.600000,0.300000,4,2.500000,1.070000,0.876785,0.870401,0.883264,0.018400,276,15000,0.299116,0.246425,0.205734,0.462762,0.876315,0.873440,370971,55236,49029,370971
0.450000,0.700000,0.250000,4,4.000000,1.370000,0.876763,0.860494,0.893660,0.028600,429,15000,0.304998,0.251790,0.210585,0.474029,0.875333,0.867555,375337,60851,44663,375337
0.500000,0.700000,0.250000,3,4.000000,1.210000,0.876742,0.878937,0.874557,0.015533,233,15000,0.302719,0.250876,0.211207,0.466795,0.875753,0.873099,367314,50593,52686,367314
0.500000,0.500000,0.250000,4,2.500000,1.070000,0.876708,0.870131,0.883386,0.018400,276,15000,0.302868,0.251402,0.212167,0.466036,0.876093,0.873412,371022,55376,48978,371022
0.500000,0.500000,0.300000,4,2.500000,1.070000,0.876653,0.870145,0.883260,0.018400,276,15000,0.299080,0.246378,0.205668,0.462630,0.876123,0.873318,370969,55361,49031,370969
0.550000,0.700000,0.300000,5,1.500000,0.930000,0.876639,0.878576,0.874712,0.014867,223,15000,0.301664,0.249684,0.209906,0.464578,0.876541,0.874697,367379,50774,52621,367379
0.450000,0.700000,0.300000,4,4.000000,1.370000,0.876622,0.860395,0.893471,0.028600,429,15000,0.301943,0.247490,0.204586,0.471804,0.875394,0.867444,375258,60888,44742,375258
0.500000,0.600000,0.350000,4,2.500000,1.070000,0.876609,0.870204,0.883110,0.018400,276,15000,0.297152,0.243651,0.201918,0.461338,0.876181,0.873278,370906,55323,49094,370906
0.500000,0.700000,0.300000,3,4.000000,1.210000,0.876609,0.878816,0.874412,0.015533,233,15000,0.299269,0.246227,0.205047,0.463958,0.875814,0.873070,367253,50642,52747,367253
0.450000,0.600000,0.250000,5,4.000000,1.530000,0.876574,0.855000,0.899264,0.032933,494,15000,0.306818,0.253327,0.211621,0.478289,0.875352,0.865556,377691,64053,42309,377691
0.450000,0.700000,0.350000,5,4.000000,1.530000,0.876568,0.856171,0.897962,0.032933,494,15000,0.303183,0.247252,0.202455,0.476649,0.875362,0.866323,377144,63357,42856,377144
0.550000,0.700000,0.350000,5,1.500000,0.930000,0.876567,0.878520,0.874621,0.014867,223,15000,0.299100,0.246260,0.205374,0.462386,0.876492,0.874627,367341,50795,52659,367341
0.500000,0.700000,0.350000,3,4.000000,1.210000,0.876543,0.878744,0.874352,0.015533,233,15000,0.297633,0.243757,0.201509,0.463392,0.875728,0.873032,367228,50673,52772,367228
0.450000,0.500000,0.250000,5,4.000000,1.530000,0.876476,0.854784,0.899298,0.032933,494,15000,0.306859,0.253327,0.211582,0.478259,0.874999,0.865321,377705,64167,42295,377705
0.450000,0.700000,0.300000,6,4.000000,1.690000,0.876473,0.852656,0.901660,0.037200,558,15000,0.306981,0.251269,0.206829,0.482295,0.875150,0.864763,378697,65441,41303,378697
0.500000,0.500000,0.350000,4,2.500000,1.070000,0.876430,0.869888,0.883071,0.018400,276,15000,0.297112,0.243606,0.201869,0.461171,0.875987,0.873148,370890,55475,49110,370890
0.500000,0.600000,0.250000,3,4.000000,1.210000,0.876426,0.877521,0.875333,0.015533,233,15000,0.302323,0.250586,0.210985,0.465933,0.875628,0.872981,367640,51313,52360,367640
0.550000,0.700000,0.400000,5,1.500000,0.930000,0.876412,0.878416,0.874417,0.014867,223,15000,0.298132,0.244544,0.202755,0.461599,0.876377,0.874515,367255,50833,52745,367255
0.550000,0.700000,0.250000,5,1.500000,0.930000,0.876393,0.878284,0.874510,0.014867,223,15000,0.306396,0.255677,0.217543,0.469824,0.876458,0.874582,367294,50901,52706,367294
0.450000,0.700000,0.350000,4,4.000000,1.370000,0.876387,0.860178,0.893219,0.028600,429,15000,0.300852,0.245459,0.201473,0.471722,0.875157,0.867314,375152,60981,44848,375152
0.500000,0.700000,0.400000,3,4.000000,1.210000,0.876367,0.878552,0.874193,0.015533,233,15000,0.296872,0.242532,0.199720,0.462923,0.875485,0.872875,367161,50755,52839,367161
0.500000,0.600000,0.400000,4,2.500000,1.070000,0.876360,0.869903,0.882914,0.018400,276,15000,0.296273,0.242245,0.199762,0.460992,0.875880,0.872819,370824,55458,49176,370824
0.450000,0.600000,0.300000,5,4.000000,1.530000,0.876327,0.854709,0.899067,0.032933,494,15000,0.304194,0.249203,0.205707,0.476108,0.875250,0.865460,377608,64189,42392,377608
0.500000,0.600000,0.300000,3,4.000000,1.210000,0.876321,0.877425,0.875219,0.015533,233,15000,0.298881,0.245958,0.204884,0.463117,0.875652,0.872940,367592,51352,52408,367592
0.500000,0.500000,0.250000,3,4.000000,1.210000,0.876321,0.877291,0.875352,0.015533,233,15000,0.302320,0.250550,0.210919,0.465847,0.875418,0.872918,367648,51424,52352,367648
0.500000,0.600000,0.350000,3,4.000000,1.210000,0.876256,0.877336,0.875179,0.015533,233,15000,0.297279,0.243510,0.201367,0.462500,0.875560,0.872884,367575,51392,52425,367575
0.500000,0.500000,0.400000,4,2.500000,1.070000,0.876223,0.869661,0.882886,0.018400,276,15000,0.296248,0.242207,0.199730,0.460863,0.875673,0.872705,370812,55575,49188,370812
0.500000,0.500000,0.300000,3,4.000000,1.210000,0.876218,0.877203,0.875236,0.015533,233,15000,0.298886,0.245930,0.204819,0.463089,0.875475,0.872894,367599,51459,52401,367599
0.450000,0.500000,0.300000,5,4.000000,1.530000,0.876217,0.854477,0.899093,0.032933,494,15000,0.304236,0.249198,0.205665,0.476121,0.874945,0.865180,377619,64311,42381,377619
0.450000,0.600000,0.250000,4,4.000000,1.370000,0.876183,0.858760,0.894329,0.028600,429,15000,0.304574,0.251459,0.210274,0.473196,0.875040,0.866665,375618,61778,44382,375618
0.500000,0.500000,0.350000,3,4.000000,1.210000,0.876166,0.877126,0.875207,0.015533,233,15000,0.297296,0.243490,0.201306,0.462475,0.875385,0.872832,367587,51494,52413,367587
0.450000,0.600000,0.300000,4,4.000000,1.370000,0.876080,0.858703,0.894174,0.028600,429,15000,0.301655,0.247240,0.204329,0.471244,0.875066,0.866648,375553,61796,44447,375553
0.550000,0.600000,0.300000,5,1.500000,0.930000,0.876069,0.876861,0.875279,0.014867,223,15000,0.301247,0.249367,0.209724,0.463642,0.876137,0.874176,367617,51625,52383,367617
0.450000,0.500000,0.250000,4,4.000000,1.370000,0.876065,0.858535,0.894326,0.028600,429,15000,0.304636,0.251464,0.210237,0.473144,0.874730,0.866472,375617,61892,44383,375617
0.550000,0.600000,0.350000,5,1.500000,0.930000,0.876029,0.876850,0.875210,0.014867,223,15000,0.298735,0.245972,0.205192,0.461447,0.876101,0.874138,367588,51626,52412,367588
0.500000,0.600000,0.400000,3,4.000000,1.210000,0.876018,0.877044,0.874995,0.015533,233,15000,0.296480,0.242259,0.199539,0.461979,0.875310,0.872710,367498,51521,52502,367498
0.450000,0.700000,0.400000,5,4.000000,1.530000,0.876010,0.855634,0.897381,0.032933,494,15000,0.303210,0.246522,0.200911,0.478099,0.874702,0.865748,376900,63592,43100,376900
0.450000,0.700000,0.350000,6,4.000000,1.690000,0.875994,0.852197,0.901160,0.037200,558,15000,0.305930,0.249233,0.203380,0.482769,0.874652,0.864307,378487,65644,41513,378487
0.550000,0.500000,0.300000,5,1.500000,0.930000,0.875968,0.876664,0.875274,0.014867,223,15000,0.301238,0.249355,0.209717,0.463599,0.875995,0.874065,367615,51719,52385,367615
0.500000,0.500000,0.400000,3,4.000000,1.210000,0.875946,0.876873,0.875021,0.015533,233,15000,0.296521,0.242259,0.199508,0.462023,0.875118,0.872663,367509,51604,52491,367509
0.500000,0.700000,0.250000,5,1.500000,0.930000,0.875944,0.864530,0.887664,0.021000,315,15000,0.304056,0.252569,0.213479,0.468017,0.875538,0.871159,372819,58420,47181,372819
0.450000,0.500000,0.300000,4,4.000000,1.370000,0.875944,0.858454,0.894162,0.028600,429,15000,0.301701,0.247233,0.204280,0.471200,0.874789,0.866409,375548,61922,44452,375548
0.550000,0.700000,0.350000,4,2.500000,1.070000,0.875917,0.885001,0.867017,0.013133,197,15000,0.298223,0.245454,0.204514,0.461726,0.875944,0.872481,364147,47318,55853,364147
0.550000,0.700000,0.300000,4,2.500000,1.070000,0.875913,0.885126,0.866890,0.013133,197,15000,0.300378,0.248540,0.208733,0.463328,0.875957,0.872397,364094,47253,55906,364094
0.550000,0.500000,0.350000,5,1.500000,0.930000,0.875913,0.876628,0.875200,0.014867,223,15000,0.298743,0.245967,0.205185,0.461412,0.875951,0.874025,367584,51732,52416,367584
0.550000,0.600000,0.400000,5,1.500000,0.930000,0.875907,0.876768,0.875048,0.014867,223,15000,0.297794,0.244271,0.202547,0.460868,0.875980,0.873938,367520,51656,52480,367520
0.500000,0.700000,0.300000,5,1.500000,0.930000,0.875905,0.864559,0.887552,0.021000,315,15000,0.299931,0.247259,0.206736,0.463801,0.875580,0.871077,372772,58398,47228,372772
0.450000,0.600000,0.250000,6,4.000000,1.690000,0.875902,0.851003,0.902302,0.037200,558,15000,0.309730,0.255329,0.212565,0.483654,0.874714,0.863613,378967,66351,41033,378967
0.500000,0.700000,0.350000,5,1.500000,0.930000,0.875875,0.864600,0.887448,0.021000,315,15000,0.297862,0.244339,0.202637,0.462284,0.875460,0.870743,372728,58371,47272,372728
0.550000,0.600000,0.250000,5,1.500000,0.930000,0.875850,0.876614,0.875088,0.014867,223,15000,0.305986,0.255370,0.217388,0.468840,0.876077,0.874049,367537,51732,52463,367537
0.450000,0.600000,0.350000,4,4.000000,1.370000,0.875831,0.858466,0.893914,0.028600,429,15000,0.300559,0.245192,0.201210,0.470933,0.874810,0.866538,375444,61899,44556,375444
0.550000,0.700000,0.400000,4,2.500000,1.070000,0.875820,0.884852,0.866971,0.013133,197,15000,0.297342,0.243908,0.202132,0.461091,0.875829,0.872324,364128,47385,55872,364128
0.550000,0.700000,0.250000,4,2.500000,1.070000,0.875810,0.884954,0.866852,0.013133,197,15000,0.305062,0.254330,0.216117,0.468361,0.875902,0.872424,364078,47331,55922,364078
0.450000,0.600000,0.350000,5,4.000000,1.530000,0.875807,0.854281,0.898445,0.032933,494,15000,0.303009,0.247074,0.202244,0.476253,0.874852,0.865278,377347,64366,42653,377347
0.450000,0.700000,0.400000,4,4.000000,1.370000,0.875794,0.859506,0.892712,0.028600,429,15000,0.300622,0.244551,0.199787,0.472452,0.874627,0.866757,374939,61287,45061,374939
0.550000,0.500000,0.400000,5,1.500000,0.930000,0.875779,0.876539,0.875021,0.014867,223,15000,0.297764,0.244247,0.202541,0.460813,0.875830,0.873831,367509,51764,52491,367509
0.550000,0.500000,0.250000,5,1.500000,0.930000,0.875767,0.876428,0.875107,0.014867,223,15000,0.305976,0.255350,0.217366,0.468743,0.875967,0.873970,367545,51822,52455,367545
0.450000,0.500000,0.250000,6,4.000000,1.690000,0.875758,0.850712,0.902324,0.037200,558,15000,0.309758,0.255334,0.212551,0.483638,0.874298,0.863314,378976,66505,41024,378976
0.450000,0.500000,0.350000,5,4.000000,1.530000,0.875720,0.854078,0.898488,0.032933,494,15000,0.303038,0.247065,0.202203,0.476221,0.874563,0.865106,377365,64474,42635,377365
0.500000,0.700000,0.400000,5,1.500000,0.930000,0.875694,0.864365,0.887324,0.021000,315,15000,0.297106,0.242955,0.200488,0.461776,0.875254,0.870485,372676,58480,47324,372676
0.450000,0.500000,0.350000,4,4.000000,1.370000,0.875687,0.858194,0.893907,0.028600,429,15000,0.300583,0.245168,0.201154,0.470852,0.874543,0.866375,375441,62037,44559,375441
0.450000,0.600000,0.300000,6,4.000000,1.690000,0.875611,0.850740,0.901981,0.037200,558,15000,0.306755,0.251056,0.206568,0.481778,0.874626,0.863675,378832,66465,41168,378832
0.500000,0.600000,0.250000,5,1.500000,0.930000,0.875524,0.863101,0.888310,0.021000,315,15000,0.303579,0.252220,0.213234,0.466885,0.875187,0.870568,373090,59177,46910,373090
0.500000,0.700000,0.300000,4,1.500000,0.870000,0.875519,0.868656,0.882490,0.018400,276,15000,0.298555,0.246069,0.205650,0.461182,0.874922,0.871590,370646,56043,49354,370646
0.450000,0.500000,0.300000,6,4.000000,1.690000,0.875452,0.850435,0.901986,0.037200,558,15000,0.306778,0.251057,0.206562,0.481774,0.874278,0.863334,378834,66625,41166,378834
0.500000,0.700000,0.250000,4,1.500000,0.870000,0.875445,0.868472,0.882531,0.018400,276,15000,0.302297,0.251075,0.212139,0.464735,0.874851,0.871447,370663,56136,49337,370663
0.500000,0.600000,0.300000,5,1.500000,0.930000,0.875430,0.863036,0.888186,0.021000,315,15000,0.299443,0.246893,0.206504,0.462801,0.875178,0.870377,373038,59201,46962,373038
0.500000,0.700000,0.250000,6,1.500000,0.990000,0.875429,0.860410,0.890981,0.023467,352,15000,0.305971,0.254133,0.214558,0.472485,0.875388,0.869975,374212,60711,45788,374212
0.500000,0.500000,0.250000,5,1.500000,0.930000,0.875411,0.862869,0.888324,0.021000,315,15000,0.303567,0.252186,0.213180,0.466822,0.875015,0.870456,373096,59294,46904,373096
0.550000,0.600000,0.350000,4,2.500000,1.070000,0.875403,0.883268,0.867676,0.013133,197,15000,0.297909,0.245211,0.204331,0.460926,0.875535,0.872122,364424,48162,55576,364424
0.550000,0.600000,0.300000,4,2.500000,1.070000,0.875380,0.883342,0.867560,0.013133,197,15000,0.300033,0.248267,0.208538,0.462522,0.875546,0.872046,364375,48121,55625,364375
0.500000,0.600000,0.350000,5,1.500000,0.930000,0.875374,0.863047,0.888057,0.021000,315,15000,0.297371,0.243974,0.202426,0.461031,0.875059,0.870063,372984,59187,47016,372984
0.550000,0.600000,0.250000,4,2.500000,1.070000,0.875344,0.883235,0.867593,0.013133,197,15000,0.304684,0.254021,0.215878,0.467554,0.875521,0.872092,364389,48173,55611,364389
0.500000,0.700000,0.400000,6,1.500000,0.990000,0.875330,0.860391,0.890798,0.023467,352,15000,0.298491,0.244075,0.201274,0.465749,0.875032,0.869107,374135,60708,45865,374135
0.500000,0.500000,0.300000,5,1.500000,0.930000,0.875322,0.862806,0.888207,0.021000,315,15000,0.299440,0.246865,0.206457,0.462707,0.875006,0.870262,373047,59318,46953,373047
0.500000,0.700000,0.350000,4,1.500000,0.870000,0.875304,0.868488,0.882229,0.018400,276,15000,0.296635,0.243320,0.201839,0.459669,0.874834,0.871493,370536,56109,49464,370536
0.500000,0.700000,0.300000,6,1.500000,0.990000,0.875298,0.860310,0.890817,0.023467,352,15000,0.301603,0.248557,0.207538,0.467872,0.875295,0.869731,374143,60750,45857,374143
0.550000,0.500000,0.350000,4,2.500000,1.070000,0.875297,0.883048,0.867681,0.013133,197,15000,0.297898,0.245197,0.204320,0.460879,0.875404,0.872047,364426,48265,55574,364426
0.550000,0.500000,0.300000,4,2.500000,1.070000,0.875276,0.883124,0.867567,0.013133,197,15000,0.300025,0.248253,0.208520,0.462477,0.875426,0.871971,364378,48223,55622,364378
0.500000,0.700000,0.350000,6,1.500000,0.990000,0.875275,0.860369,0.890707,0.023467,352,15000,0.299388,0.245571,0.203542,0.466383,0.875179,0.869205,374097,60713,45903,374097
0.550000,0.500000,0.250000,4,2.500000,1.070000,0.875268,0.883048,0.867624,0.013133,197,15000,0.304661,0.253992,0.215839,0.467464,0.875416,0.872011,364402,48262,55598,364402
0.550000,0.600000,0.400000,4,2.500000,1.070000,0.875266,0.883067,0.867602,0.013133,197,15000,0.296983,0.243630,0.201907,0.460325,0.875414,0.871907,364393,48252,55607,364393
0.450000,0.700000,0.250000,3,4.000000,1.210000,0.875212,0.864111,0.886602,0.023933,359,15000,0.301949,0.249440,0.209060,0.466727,0.874153,0.868064,372373,58559,47627,372373
0.500000,0.500000,0.350000,5,1.500000,0.930000,0.875211,0.862765,0.888021,0.021000,315,15000,0.297351,0.243942,0.202380,0.460952,0.874864,0.869968,372969,59326,47031,372969
0.500000,0.700000,0.250000,3,2.500000,0.970000,0.875181,0.875624,0.874738,0.015533,233,15000,0.300586,0.249404,0.210481,0.462093,0.874428,0.871751,367390,52185,52610,367390
0.500000,0.600000,0.400000,5,1.500000,0.930000,0.875177,0.862823,0.887890,0.021000,315,15000,0.296741,0.242655,0.200251,0.460844,0.874857,0.869796,372914,59288,47086,372914
0.550000,0.500000,0.400000,4,2.500000,1.070000,0.875161,0.882847,0.867607,0.013133,197,15000,0.296973,0.243617,0.201900,0.460290,0.875283,0.871832,364395,48355,55605,364395
0.450000,0.700000,0.300000,3,4.000000,1.210000,0.875148,0.864074,0.886510,0.023933,359,15000,0.299079,0.245276,0.203259,0.464768,0.874224,0.868165,372334,58571,47666,372334
0.500000,0.700000,0.400000,4,1.500000,0.870000,0.875148,0.868297,0.882107,0.018400,276,15000,0.295696,0.241862,0.199750,0.458834,0.874585,0.871044,370485,56195,49515,370485
0.450000,0.600000,0.400000,4,4.000000,1.370000,0.875143,0.857702,0.893307,0.028600,429,15000,0.300299,0.244267,0.199480,0.471624,0.874259,0.865913,375189,62246,44811,375189
0.450000,0.700000,0.400000,6,4.000000,1.690000,0.875109,0.851321,0.900264,0.037200,558,15000,0.305556,0.248212,0.201745,0.483366,0.873883,0.863651,378111,66035,41889,378111
0.450000,0.600000,0.400000,5,4.000000,1.530000,0.875092,0.853575,0.897721,0.032933,494,15000,0.303036,0.246318,0.200633,0.477422,0.874189,0.864657,377043,64679,42957,377043
0.450000,0.700000,0.350000,3,4.000000,1.210000,0.875078,0.864017,0.886426,0.023933,359,15000,0.297989,0.243291,0.200245,0.464765,0.874135,0.868137,372299,58594,47701,372299
0.500000,0.600000,0.300000,4,1.500000,0.870000,0.875069,0.867158,0.883126,0.018400,276,15000,0.298194,0.245773,0.205427,0.460262,0.874619,0.871160,370913,56821,49087,370913
0.500000,0.700000,0.300000,3,2.500000,0.970000,0.875039,0.875565,0.874514,0.015533,233,15000,0.297179,0.244776,0.204414,0.459319,0.874444,0.871724,367296,52200,52704,367296
0.450000,0.600000,0.350000,6,4.000000,1.690000,0.875039,0.850195,0.901379,0.037200,558,15000,0.305666,0.248977,0.203091,0.481911,0.874112,0.863189,378579,66706,41421,378579
0.500000,0.500000,0.400000,5,1.500000,0.930000,0.875039,0.862571,0.887871,0.021000,315,15000,0.296679,0.242597,0.200213,0.460664,0.874651,0.869693,372906,59413,47094,372906
0.450000,0.500000,0.400000,4,4.000000,1.370000,0.875027,0.857459,0.893331,0.028600,429,15000,0.300360,0.244270,0.199441,0.471670,0.873974,0.865721,375199,62372,44801,375199
0.450000,0.500000,0.400000,5,4.000000,1.530000,0.874988,0.853338,0.897764,0.032933,494,15000,0.303093,0.246328,0.200618,0.477476,0.873866,0.864457,377061,64805,42939,377061
0.500000,0.600000,0.250000,4,1.500000,0.870000,0.874983,0.866979,0.883136,0.018400,276,15000,0.301897,0.250774,0.211910,0.463639,0.874572,0.871091,370917,56910,49083,370917
0.500000,0.600000,0.250000,6,1.500000,0.990000,0.874975,0.858918,0.891643,0.023467,352,15000,0.305540,0.253805,0.214301,0.471548,0.874981,0.869220,374490,61512,45510,374490
0.450000,0.600000,0.250000,3,4.000000,1.210000,0.874948,0.862749,0.887498,0.023933,359,15000,0.301493,0.249100,0.208765,0.465890,0.873993,0.867486,372749,59299,47251,372749
0.450000,0.500000,0.350000,6,4.000000,1.690000,0.874942,0.849960,0.901436,0.037200,558,15000,0.305694,0.248987,0.203096,0.481954,0.873764,0.862962,378603,66833,41397,378603
0.500000,0.700000,0.350000,3,2.500000,0.970000,0.874936,0.875492,0.874381,0.015533,233,15000,0.295625,0.242333,0.200819,0.458433,0.874377,0.871683,367240,52227,52760,367240
0.500000,0.500000,0.300000,4,1.500000,0.870000,0.874924,0.866885,0.883114,0.018400,276,15000,0.298184,0.245740,0.205374,0.460201,0.874420,0.871047,370908,56955,49092,370908
0.500000,0.600000,0.350000,4,1.500000,0.870000,0.874906,0.867038,0.882919,0.018400,276,15000,0.296216,0.242994,0.201616,0.458505,0.874517,0.871067,370826,56867,49174,370826
0.450000,0.700000,0.400000,3,4.000000,1.210000,0.874894,0.863771,0.886307,0.023933,359,15000,0.297630,0.242400,0.198741,0.465266,0.873820,0.867788,372249,58709,47751,372249
0.500000,0.500000,0.250000,6,1.500000,0.990000,0.874887,0.858732,0.891662,0.023467,352,15000,0.305530,0.253775,0.214264,0.471490,0.874844,0.869082,374498,61608,45502,374498
0.500000,0.600000,0.250000,3,2.500000,0.970000,0.874871,0.874250,0.875493,0.015533,233,15000,0.300185,0.249112,0.210272,0.461175,0.874260,0.871633,367707,52890,52293,367707
0.450000,0.600000,0.300000,3,4.000000,1.210000,0.874866,0.862682,0.887400,0.023933,359,15000,0.298685,0.244989,0.203056,0.463992,0.874032,0.867530,372708,59326,47292,372708
0.450000,0.500000,0.250000,3,4.000000,1.210000,0.874850,0.862526,0.887531,0.023933,359,15000,0.301523,0.249097,0.208726,0.465876,0.873764,0.867352,372763,59413,47237,372763
0.500000,0.500000,0.250000,4,1.500000,0.870000,0.874834,0.866707,0.883114,0.018400,276,15000,0.301888,0.250733,0.211831,0.463636,0.874377,0.870989,370908,57043,49092,370908
0.500000,0.700000,0.400000,3,2.500000,0.970000,0.874785,0.875308,0.874262,0.015533,233,15000,0.295069,0.241194,0.198944,0.458585,0.874196,0.871676,367190,52308,52810,367190
0.450000,0.500000,0.300000,3,4.000000,1.210000,0.874776,0.862475,0.887433,0.023933,359,15000,0.298713,0.244980,0.203009,0.463977,0.873830,0.867398,372722,59432,47278,372722
0.500000,0.500000,0.250000,3,2.500000,0.970000,0.874766,0.874031,0.875502,0.015533,233,15000,0.300179,0.249078,0.210215,0.461080,0.874080,0.871559,367711,52996,52289,367711
0.500000,0.600000,0.300000,3,2.500000,0.970000,0.874759,0.874225,0.875293,0.015533,233,15000,0.296713,0.244456,0.204247,0.458391,0.874253,0.871609,367623,52890,52377,367623
0.450000,0.600000,0.350000,3,4.000000,1.210000,0.874753,0.862569,0.887286,0.023933,359,15000,0.297533,0.242953,0.199998,0.463861,0.873937,0.867473,372660,59375,47340,372660
0.500000,0.600000,0.300000,6,1.500000,0.990000,0.874745,0.858702,0.891400,0.023467,352,15000,0.301100,0.248187,0.207316,0.466750,0.874838,0.868892,374388,61605,45612,374388
0.500000,0.500000,0.350000,4,1.500000,0.870000,0.874736,0.866743,0.882879,0.018400,276,15000,0.296200,0.242962,0.201569,0.458427,0.874316,0.870917,370809,57010,49191,370809
0.500000,0.600000,0.400000,6,1.500000,0.990000,0.874698,0.858692,0.891312,0.023467,352,15000,0.298069,0.243740,0.201050,0.464534,0.874594,0.868343,374351,61604,45649,374351
0.550000,0.700000,0.300000,4,1.500000,0.870000,0.874697,0.881734,0.867771,0.013133,197,15000,0.300112,0.248236,0.208467,0.461886,0.874655,0.871085,364464,48885,55536,364464
0.500000,0.600000,0.350000,3,2.500000,0.970000,0.874691,0.874175,0.875207,0.015533,233,15000,0.295222,0.242058,0.200667,0.457491,0.874181,0.871544,367587,52909,52413,367587
0.500000,0.600000,0.350000,6,1.500000,0.990000,0.874680,0.858730,0.891233,0.023467,352,15000,0.298933,0.245216,0.203331,0.465054,0.874713,0.868431,374318,61579,45682,374318
0.450000,0.500000,0.350000,3,4.000000,1.210000,0.874677,0.862371,0.887340,0.023933,359,15000,0.297567,0.242940,0.199947,0.463847,0.873733,0.867336,372683,59478,47317,372683
0.500000,0.600000,0.400000,4,1.500000,0.870000,0.874674,0.866776,0.882717,0.018400,276,15000,0.295264,0.241531,0.199500,0.457875,0.874264,0.870599,370741,56983,49259,370741
0.500000,0.500000,0.300000,3,2.500000,0.970000,0.874657,0.874014,0.875300,0.015533,233,15000,0.296706,0.244423,0.204188,0.458332,0.874096,0.871543,367626,52992,52374,367626
0.500000,0.500000,0.300000,6,1.500000,0.990000,0.874654,0.858509,0.891417,0.023467,352,15000,0.301090,0.248157,0.207285,0.466631,0.874695,0.868749,374395,61704,45605,374395
0.550000,0.700000,0.350000,4,1.500000,0.870000,0.874627,0.881691,0.867676,0.013133,197,15000,0.297629,0.244931,0.204141,0.459519,0.874614,0.871146,364424,48900,55576,364424
0.500000,0.500000,0.350000,3,2.500000,0.970000,0.874595,0.873965,0.875226,0.015533,233,15000,0.295239,0.242037,0.200610,0.457493,0.874028,0.871476,367595,53011,52405,367595
0.450000,0.600000,0.400000,3,4.000000,1.210000,0.874594,0.862331,0.887210,0.023933,359,15000,0.297253,0.242111,0.198501,0.464346,0.873628,0.867127,372628,59489,47372,372628
0.550000,0.700000,0.250000,4,1.500000,0.870000,0.874582,0.881540,0.867733,0.013133,197,15000,0.304612,0.253948,0.215850,0.466553,0.874578,0.871072,364448,48974,55552,364448
0.500000,0.500000,0.400000,6,1.500000,0.990000,0.874552,0.858438,0.891283,0.023467,352,15000,0.297985,0.243665,0.201013,0.464268,0.874392,0.868231,374339,61731,45661,374339
0.500000,0.500000,0.350000,6,1.500000,0.990000,0.874518,0.858448,0.891200,0.023467,352,15000,0.298922,0.245185,0.203285,0.464959,0.874538,0.868263,374304,61720,45696,374304
0.500000,0.500000,0.400000,4,1.500000,0.870000,0.874517,0.866515,0.882669,0.018400,276,15000,0.295236,0.241488,0.199463,0.457753,0.874058,0.870482,370721,57109,49279,370721
0.550000,0.700000,0.400000,4,1.500000,0.870000,0.874515,0.881616,0.867529,0.013133,197,15000,0.296582,0.243250,0.201705,0.458719,0.874497,0.871015,364362,48927,55638,364362
0.450000,0.500000,0.400000,3,4.000000,1.210000,0.874507,0.862124,0.887252,0.023933,359,15000,0.297284,0.242100,0.198463,0.464356,0.873402,0.867001,372646,59596,47354,372646
0.500000,0.600000,0.400000,3,2.500000,0.970000,0.874488,0.873908,0.875069,0.015533,233,15000,0.294646,0.240899,0.198747,0.457726,0.873978,0.871489,367529,53029,52471,367529
0.500000,0.500000,0.400000,3,2.500000,0.970000,0.874408,0.873733,0.875083,0.015533,233,15000,0.294675,0.240891,0.198716,0.457750,0.873820,0.871416,367535,53114,52465,367535
0.550000,0.600000,0.300000,4,1.500000,0.870000,0.874176,0.880019,0.868410,0.013133,197,15000,0.299696,0.247920,0.208260,0.460993,0.874268,0.870765,364732,49727,55268,364732
0.550000,0.600000,0.350000,4,1.500000,0.870000,0.874138,0.880030,0.868324,0.013133,197,15000,0.297253,0.244641,0.203920,0.458609,0.874228,0.870810,364696,49717,55304,364696
0.450000,0.600000,0.400000,6,4.000000,1.690000,0.874078,0.849203,0.900455,0.037200,558,15000,0.305312,0.247958,0.201454,0.482230,0.873337,0.862522,378191,67157,41809,378191
0.550000,0.500000,0.300000,4,1.500000,0.870000,0.874065,0.879802,0.868402,0.013133,197,15000,0.299681,0.247903,0.208248,0.460938,0.874137,0.870689,364729,49829,55271,364729
0.550000,0.600000,0.250000,4,1.500000,0.870000,0.874049,0.879835,0.868338,0.013133,197,15000,0.304174,0.253611,0.215610,0.465510,0.874214,0.870762,364702,49810,55298,364702
0.550000,0.500000,0.350000,4,1.500000,0.870000,0.874025,0.879810,0.868314,0.013133,197,15000,0.297234,0.244623,0.203913,0.458545,0.874092,0.870733,364692,49820,55308,364692
0.450000,0.700000,0.250000,5,2.500000,1.170000,0.873987,0.851940,0.897205,0.032933,494,15000,0.304369,0.251556,0.210751,0.472080,0.873199,0.863345,376826,65489,43174,376826
0.450000,0.700000,0.250000,4,2.500000,1.070000,0.873975,0.856280,0.892417,0.028600,429,15000,0.302333,0.249897,0.209668,0.466927,0.873151,0.864555,374815,62910,45185,374815
0.550000,0.500000,0.250000,4,1.500000,0.870000,0.873970,0.879643,0.868369,0.013133,197,15000,0.304165,0.253589,0.215577,0.465418,0.874091,0.870686,364715,49902,55285,364715
0.450000,0.500000,0.400000,6,4.000000,1.690000,0.873940,0.848913,0.900488,0.037200,558,15000,0.305387,0.247996,0.201497,0.482310,0.872983,0.862270,378205,67312,41795,378205
0.550000,0.600000,0.400000,4,1.500000,0.870000,0.873938,0.879875,0.868081,0.013133,197,15000,0.296156,0.242928,0.201437,0.457788,0.874111,0.870622,364594,49776,55406,364594
0.450000,0.700000,0.300000,4,2.500000,1.070000,0.873887,0.856232,0.892286,0.028600,429,15000,0.299016,0.245373,0.203626,0.463826,0.873172,0.864512,374760,62925,45240,374760
0.550000,0.500000,0.400000,4,1.500000,0.870000,0.873831,0.879663,0.868076,0.013133,197,15000,0.296142,0.242916,0.201438,0.457746,0.873971,0.870545,364592,49876,55408,364592
0.450000,0.700000,0.350000,4,2.500000,1.070000,0.873724,0.856150,0.892033,0.028600,429,15000,0.297745,0.243251,0.200431,0.463910,0.873002,0.864525,374654,62949,45346,374654
0.550000,0.700000,0.250000,3,4.000000,1.210000,0.873716,0.891751,0.856395,0.011200,168,15000,0.303654,0.252826,0.214445,0.466475,0.873586,0.867342,359686,43662,60314,359686
0.450000,0.700000,0.300000,5,2.500000,1.170000,0.873702,0.851632,0.896945,0.032933,494,15000,0.301294,0.247144,0.204650,0.469198,0.873109,0.863445,376717,65630,43283,376717
0.550000,0.700000,0.400000,3,4.000000,1.210000,0.873676,0.891583,0.856474,0.011200,168,15000,0.297079,0.243441,0.201401,0.461644,0.873497,0.867358,359719,43742,60281,359719
0.550000,0.700000,0.300000,3,4.000000,1.210000,0.873664,0.891687,0.856355,0.011200,168,15000,0.299581,0.247575,0.207544,0.462797,0.873589,0.867392,359669,43689,60331,359669
0.550000,0.700000,0.350000,3,4.000000,1.210000,0.873643,0.891583,0.856412,0.011200,168,15000,0.297775,0.244828,0.203578,0.462192,0.873588,0.867378,359693,43739,60307,359693
0.500000,0.700000,0.250000,3,1.500000,0.810000,0.873635,0.872402,0.874871,0.015533,233,15000,0.300252,0.249126,0.210331,0.460382,0.872940,0.870470,367446,53743,52554,367446
0.500000,0.700000,0.350000,3,1.500000,0.810000,0.873547,0.872387,0.874710,0.015533,233,15000,0.295023,0.241877,0.200493,0.456634,0.872962,0.870479,367378,53740,52622,367378
0.450000,0.700000,0.250000,6,2.500000,1.270000,0.873541,0.848046,0.900617,0.037200,558,15000,0.306285,0.253050,0.211793,0.476466,0.872477,0.861271,378259,67777,41741,378259
0.450000,0.600000,0.250000,4,2.500000,1.070000,0.873530,0.854702,0.893205,0.028600,429,15000,0.301935,0.249574,0.209363,0.465996,0.872812,0.863655,375146,63774,44854,375146
0.500000,0.700000,0.300000,3,1.500000,0.810000,0.873525,0.872342,0.874712,0.015533,233,15000,0.296605,0.244305,0.204068,0.457507,0.872996,0.870474,367379,53762,52621,367379
0.550000,0.600000,0.250000,3,4.000000,1.210000,0.873490,0.890343,0.857264,0.011200,168,15000,0.303402,0.252615,0.214275,0.465949,0.873355,0.867156,360051,44345,59949,360051
0.450000,0.600000,0.300000,4,2.500000,1.070000,0.873440,0.854651,0.893074,0.028600,429,15000,0.298700,0.245101,0.203387,0.463210,0.872805,0.863666,375091,63791,44909,375091
0.550000,0.500000,0.250000,3,4.000000,1.210000,0.873413,0.890158,0.857286,0.011200,168,15000,0.303408,0.252604,0.214249,0.465898,0.873244,0.867079,360060,44430,59940,360060
0.450000,0.500000,0.250000,4,2.500000,1.070000,0.873412,0.854475,0.893207,0.028600,429,15000,0.301969,0.249570,0.209334,0.465899,0.872592,0.863522,375147,63891,44853,375147
0.500000,0.700000,0.400000,3,1.500000,0.810000,0.873409,0.872217,0.874605,0.015533,233,15000,0.294371,0.240689,0.198726,0.456533,0.872776,0.870456,367334,53816,52666,367334
0.550000,0.600000,0.300000,3,4.000000,1.210000,0.873402,0.890227,0.857200,0.011200,168,15000,0.299242,0.247326,0.207376,0.462092,0.873340,0.867155,360024,44394,59976,360024
0.450000,0.700000,0.250000,2,4.000000,1.050000,0.873388,0.869372,0.877440,0.018733,281,15000,0.298933,0.246867,0.207084,0.460513,0.872139,0.868500,368525,55373,51475,368525
0.550000,0.600000,0.350000,3,4.000000,1.210000,0.873375,0.890113,0.857255,0.011200,168,15000,0.297507,0.244628,0.203422,0.461507,0.873318,0.867110,360047,44449,59953,360047
0.450000,0.700000,0.350000,5,2.500000,1.170000,0.873361,0.851323,0.896569,0.032933,494,15000,0.299647,0.244736,0.201298,0.467960,0.872775,0.863189,376559,65763,43441,376559
0.550000,0.500000,0.300000,3,4.000000,1.210000,0.873324,0.890043,0.857221,0.011200,168,15000,0.299251,0.247318,0.207361,0.462045,0.873236,0.867076,360033,44479,59967,360033
0.450000,0.500000,0.300000,4,2.500000,1.070000,0.873318,0.854424,0.893067,0.028600,429,15000,0.298711,0.245079,0.203345,0.463112,0.872599,0.863507,375088,63907,44912,375088
0.500000,0.600000,0.250000,3,1.500000,0.810000,0.873308,0.871071,0.875557,0.015533,233,15000,0.299871,0.248844,0.210132,0.459573,0.872769,0.870261,367734,54429,52266,367734
0.450000,0.700000,0.400000,4,2.500000,1.070000,0.873307,0.855662,0.891695,0.028600,429,15000,0.297246,0.242208,0.198732,0.463909,0.872628,0.864272,374512,63175,45488,374512
0.450000,0.700000,0.350000,2,4.000000,1.050000,0.873299,0.869362,0.877271,0.018733,281,15000,0.295147,0.241032,0.198684,0.458695,0.872232,0.868510,368454,55367,51546,368454
0.550000,0.500000,0.350000,3,4.000000,1.210000,0.873297,0.889928,0.857276,0.011200,168,15000,0.297516,0.244620,0.203411,0.461454,0.873215,0.867038,360056,44534,59944,360056
0.550000,0.600000,0.400000,3,4.000000,1.210000,0.873294,0.890001,0.857202,0.011200,168,15000,0.296715,0.243175,0.201206,0.460832,0.873224,0.867065,360025,44497,59975,360025
0.500000,0.600000,0.350000,3,1.500000,0.810000,0.873290,0.871098,0.875493,0.015533,233,15000,0.294619,0.241593,0.200326,0.455782,0.872765,0.870226,367707,54412,52293,367707
0.450000,0.700000,0.300000,2,4.000000,1.050000,0.873285,0.869332,0.877274,0.018733,281,15000,0.296000,0.242830,0.201665,0.458376,0.872256,0.868539,368455,55382,51545,368455
0.450000,0.600000,0.350000,4,2.500000,1.070000,0.873278,0.854564,0.892829,0.028600,429,15000,0.297362,0.242938,0.200168,0.462995,0.872622,0.863613,374988,63818,45012,374988
0.450000,0.600000,0.250000,5,2.500000,1.170000,0.873267,0.850151,0.897676,0.032933,494,15000,0.304030,0.251266,0.210528,0.471001,0.872703,0.862364,377024,66455,42976,377024
0.450000,0.600000,0.250000,2,4.000000,1.050000,0.873242,0.868127,0.878417,0.018733,281,15000,0.298567,0.246561,0.206818,0.459757,0.872139,0.868282,368935,56043,51065,368935
0.500000,0.600000,0.300000,3,1.500000,0.810000,0.873241,0.871041,0.875452,0.015533,233,15000,0.296150,0.243994,0.203897,0.456651,0.872796,0.870239,367690,54437,52310,367690
0.550000,0.500000,0.400000,3,4.000000,1.210000,0.873216,0.889817,0.857224,0.011200,168,15000,0.296722,0.243166,0.201195,0.460796,0.873103,0.866996,360034,44582,59966,360034
0.500000,0.500000,0.250000,3,1.500000,0.810000,0.873201,0.870848,0.875567,0.015533,233,15000,0.299860,0.248802,0.210062,0.459495,0.872585,0.870197,367738,54538,52262,367738
0.500000,0.500000,0.350000,3,1.500000,0.810000,0.873180,0.870874,0.875498,0.015533,233,15000,0.294596,0.241548,0.200261,0.455696,0.872598,0.870159,367709,54521,52291,367709
0.450000,0.500000,0.250000,2,4.000000,1.050000,0.873172,0.867962,0.878445,0.018733,281,15000,0.298622,0.246571,0.206786,0.459827,0.871917,0.868134,368947,56126,51053,368947
0.450000,0.700000,0.400000,2,4.000000,1.050000,0.873156,0.869248,0.877100,0.018733,281,15000,0.294843,0.240224,0.197234,0.459143,0.872026,0.868390,368382,55412,51618,368382
0.450000,0.500000,0.250000,5,2.500000,1.170000,0.873151,0.849909,0.897700,0.032933,494,15000,0.304048,0.251254,0.210503,0.470882,0.872467,0.862178,377034,66583,42966,377034
0.450000,0.500000,0.350000,4,2.500000,1.070000,0.873148,0.854317,0.892829,0.028600,429,15000,0.297376,0.242911,0.200118,0.462877,0.872405,0.863439,374988,63945,45012,374988
0.450000,0.600000,0.300000,2,4.000000,1.050000,0.873133,0.868088,0.878238,0.018733,281,15000,0.295592,0.242505,0.201418,0.457648,0.872217,0.868181,368860,56051,51140,368860
0.450000,0.600000,0.350000,2,4.000000,1.050000,0.873132,0.868095,0.878229,0.018733,281,15000,0.294750,0.240706,0.198460,0.457732,0.872188,0.868151,368856,56047,51144,368856
0.450000,0.700000,0.300000,6,2.500000,1.270000,0.873127,0.847602,0.900238,0.037200,558,15000,0.302951,0.248457,0.205583,0.473373,0.872329,0.861327,378100,67982,41900,378100
0.500000,0.500000,0.300000,3,1.500000,0.810000,0.873126,0.870810,0.875455,0.015533,233,15000,0.296131,0.243951,0.203828,0.456564,0.872636,0.870175,367691,54549,52309,367691
0.500000,0.700000,0.250000,2,4.000000,1.050000,0.873099,0.882987,0.863431,0.012267,184,15000,0.299210,0.247974,0.208917,0.460031,0.871768,0.865772,362641,48057,57359,362641
0.500000,0.700000,0.300000,2,4.000000,1.050000,0.873070,0.882994,0.863367,0.012267,184,15000,0.296038,0.243655,0.203257,0.457960,0.871895,0.865905,362614,48050,57386,362614
0.450000,0.500000,0.350000,2,4.000000,1.050000,0.873064,0.867926,0.878264,0.018733,281,15000,0.294820,0.240721,0.198427,0.457839,0.872003,0.868014,368871,56132,51129,368871
0.450000,0.500000,0.300000,2,4.000000,1.050000,0.873064,0.867920,0.878269,0.018733,281,15000,0.295645,0.242513,0.201390,0.457713,0.872036,0.868042,368873,56135,51127,368873
0.500000,0.600000,0.400000,3,1.500000,0.810000,0.873054,0.870810,0.875310,0.015533,233,15000,0.293944,0.240382,0.198493,0.455663,0.872571,0.870193,367630,54540,52370,367630
0.500000,0.700000,0.350000,2,4.000000,1.050000,0.873032,0.882917,0.863367,0.012267,184,15000,0.294524,0.241357,0.199823,0.457292,0.871861,0.865981,362614,48086,57386,362614
0.450000,0.600000,0.400000,2,4.000000,1.050000,0.873029,0.868017,0.878100,0.018733,281,15000,0.294469,0.239918,0.197017,0.458120,0.871999,0.868031,368802,56077,51198,368802
0.450000,0.700000,0.300000,3,2.500000,0.970000,0.873028,0.860716,0.885698,0.023933,359,15000,0.297259,0.243901,0.202618,0.460125,0.872428,0.865870,371993,60197,48007,371993
0.500000,0.600000,0.250000,2,4.000000,1.050000,0.872981,0.881727,0.864407,0.012267,184,15000,0.298850,0.247702,0.208700,0.459327,0.871792,0.865732,363051,48699,56949,363051
0.450000,0.700000,0.350000,3,2.500000,0.970000,0.872973,0.860703,0.885598,0.023933,359,15000,0.295885,0.241696,0.199380,0.459580,0.872390,0.865804,371951,60197,48049,371951
0.500000,0.500000,0.400000,3,1.500000,0.810000,0.872962,0.870623,0.875314,0.015533,233,15000,0.293937,0.240355,0.198459,0.455628,0.872394,0.870135,367632,54631,52368,367632
0.450000,0.700000,0.250000,3,2.500000,0.970000,0.872958,0.860598,0.885679,0.023933,359,15000,0.300293,0.248159,0.208378,0.462193,0.872394,0.865839,371985,60255,48015,371985
0.450000,0.500000,0.400000,2,4.000000,1.050000,0.872958,0.867845,0.878131,0.018733,281,15000,0.294540,0.239934,0.196997,0.458205,0.871792,0.867890,368815,56163,51185,368815
0.450000,0.600000,0.300000,5,2.500000,1.170000,0.872952,0.849794,0.897407,0.032933,494,15000,0.300945,0.246845,0.204436,0.468240,0.872564,0.862481,376911,66621,43089,376911
0.500000,0.600000,0.300000,2,4.000000,1.050000,0.872940,0.881722,0.864331,0.012267,184,15000,0.295650,0.243371,0.203065,0.457186,0.871883,0.865841,363019,48697,56981,363019
0.500000,0.500000,0.250000,2,4.000000,1.050000,0.872918,0.881564,0.864440,0.012267,184,15000,0.298856,0.247673,0.208623,0.459311,0.871575,0.865677,363065,48777,56935,363065
0.450000,0.700000,0.400000,5,2.500000,1.170000,0.872911,0.850867,0.896129,0.032933,494,15000,0.299398,0.243842,0.199679,0.468598,0.872294,0.862813,376374,65968,43626,376374
0.500000,0.500000,0.300000,2,4.000000,1.050000,0.872894,0.881576,0.864381,0.012267,184,15000,0.295694,0.243367,0.202996,0.457236,0.871697,0.865787,363040,48768,56960,363040
0.450000,0.700000,0.400000,3,2.500000,0.970000,0.872892,0.860563,0.885579,0.023933,359,15000,0.295684,0.240929,0.197920,0.460047,0.872191,0.865816,371943,60266,48057,371943
0.500000,0.600000,0.350000,2,4.000000,1.050000,0.872884,0.881624,0.864317,0.012267,184,15000,0.294112,0.241063,0.199640,0.456352,0.871836,0.865915,363013,48742,56987,363013
0.500000,0.700000,0.400000,2,4.000000,1.050000,0.872875,0.882782,0.863188,0.012267,184,15000,0.294080,0.240338,0.198063,0.457620,0.871636,0.865917,362539,48139,57461,362539
0.450000,0.500000,0.300000,5,2.500000,1.170000,0.872841,0.849559,0.897436,0.032933,494,15000,0.300968,0.246829,0.204400,0.468169,0.872349,0.862275,376923,66746,43077,376923
0.500000,0.500000,0.350000,2,4.000000,1.050000,0.872832,0.881467,0.864364,0.012267,184,15000,0.294155,0.241060,0.199588,0.456385,0.871652,0.865851,363033,48818,56967,363033
0.450000,0.600000,0.400000,4,2.500000,1.070000,0.872819,0.854040,0.892443,0.028600,429,15000,0.296853,0.241876,0.198437,0.462878,0.872239,0.863469,374826,64060,45174,374826
0.450000,0.600000,0.300000,3,2.500000,0.970000,0.872763,0.859370,0.886581,0.023933,359,15000,0.296752,0.243538,0.202390,0.458898,0.872220,0.865188,372364,60935,47636,372364
0.450000,0.600000,0.250000,3,2.500000,0.970000,0.872722,0.859283,0.886588,0.023933,359,15000,0.299767,0.247773,0.208083,0.460963,0.872192,0.865183,372367,60979,47633,372367
0.500000,0.600000,0.400000,2,4.000000,1.050000,0.872710,0.881449,0.864143,0.012267,184,15000,0.293684,0.240057,0.197874,0.456699,0.871619,0.865833,362940,48814,57060,362940
0.450000,0.500000,0.400000,4,2.500000,1.070000,0.872705,0.853798,0.892469,0.028600,429,15000,0.296924,0.241884,0.198409,0.462912,0.872022,0.863277,374837,64186,45163,374837
0.450000,0.600000,0.350000,3,2.500000,0.970000,0.872705,0.859343,0.886488,0.023933,359,15000,0.295457,0.241373,0.199144,0.458438,0.872168,0.865154,372325,60942,47675,372325
0.450000,0.500000,0.300000,3,2.500000,0.970000,0.872675,0.859171,0.886610,0.023933,359,15000,0.296789,0.243542,0.202369,0.458930,0.872056,0.865034,372376,61037,47624,372376
0.500000,0.500000,0.400000,2,4.000000,1.050000,0.872663,0.881306,0.864188,0.012267,184,15000,0.293727,0.240060,0.197843,0.456746,0.871412,0.865772,362959,48883,57041,362959
0.450000,0.600000,0.250000,6,2.500000,1.270000,0.872644,0.846084,0.900926,0.037200,558,15000,0.305991,0.252781,0.211505,0.475789,0.871921,0.860103,378389,68835,41611,378389
0.450000,0.500000,0.350000,3,2.500000,0.970000,0.872631,0.859154,0.886538,0.023933,359,15000,0.295494,0.241367,0.199111,0.458450,0.872009,0.865008,372346,61041,47654,372346
0.450000,0.500000,0.250000,3,2.500000,0.970000,0.872631,0.859070,0.886626,0.023933,359,15000,0.299811,0.247784,0.208072,0.460984,0.872025,0.865040,372383,61089,47617,372383
0.450000,0.600000,0.350000,5,2.500000,1.170000,0.872612,0.849478,0.897040,0.032933,494,15000,0.299349,0.244474,0.201096,0.467042,0.872225,0.862247,376757,66759,43243,376757
0.450000,0.600000,0.400000,3,2.500000,0.970000,0.872583,0.859166,0.886426,0.023933,359,15000,0.295266,0.240610,0.197670,0.459119,0.871972,0.865139,372299,61027,47701,372299
0.450000,0.700000,0.350000,6,2.500000,1.270000,0.872530,0.846977,0.899671,0.037200,558,15000,0.301553,0.246174,0.202113,0.472585,0.871880,0.861021,377862,68268,42138,377862
0.450000,0.500000,0.400000,3,2.500000,0.970000,0.872507,0.858974,0.886474,0.023933,359,15000,0.295300,0.240602,0.197646,0.459138,0.871796,0.865008,372319,61127,47681,372319
0.450000,0.500000,0.250000,6,2.500000,1.270000,0.872505,0.845802,0.900950,0.037200,558,15000,0.306007,0.252769,0.211485,0.475633,0.871607,0.859836,378399,68986,41601,378399
0.450000,0.500000,0.350000,5,2.500000,1.170000,0.872498,0.849238,0.897067,0.032933,494,15000,0.299350,0.244447,0.201060,0.466920,0.872011,0.862057,376768,66886,43232,376768
0.550000,0.700000,0.350000,3,2.500000,0.970000,0.872481,0.888182,0.857326,0.011200,168,15000,0.295938,0.243437,0.202909,0.457272,0.872404,0.866670,360077,45332,59923,360077
0.550000,0.700000,0.250000,3,2.500000,0.970000,0.872424,0.888082,0.857310,0.011200,168,15000,0.302086,0.251612,0.213775,0.462407,0.872409,0.866583,360070,45377,59930,360070
0.550000,0.700000,0.300000,3,2.500000,0.970000,0.872397,0.888153,0.857190,0.011200,168,15000,0.297916,0.246283,0.206832,0.458630,0.872408,0.866618,360020,45338,59980,360020
0.550000,0.700000,0.400000,3,2.500000,0.970000,0.872324,0.887988,0.857202,0.011200,168,15000,0.295069,0.241941,0.200568,0.456837,0.872335,0.866675,360025,45414,59975,360025
0.450000,0.600000,0.300000,6,2.500000,1.270000,0.872241,0.845671,0.900533,0.037200,558,15000,0.302568,0.248148,0.205320,0.472639,0.871720,0.860298,378224,69023,41776,378224
0.450000,0.600000,0.400000,5,2.500000,1.170000,0.872130,0.849001,0.896555,0.032933,494,15000,0.299075,0.243555,0.199416,0.467660,0.871751,0.861863,376553,66972,43447,376553
0.550000,0.600000,0.350000,3,2.500000,0.970000,0.872122,0.886664,0.858050,0.011200,168,15000,0.295619,0.243208,0.202760,0.456559,0.872128,0.866401,360381,46065,59619,360381
0.450000,0.500000,0.300000,6,2.500000,1.270000,0.872105,0.845392,0.900562,0.037200,558,15000,0.302591,0.248137,0.205293,0.472573,0.871445,0.859980,378236,69173,41764,378236
0.550000,0.600000,0.250000,3,2.500000,0.970000,0.872092,0.886610,0.858040,0.011200,168,15000,0.301772,0.251371,0.213601,0.461774,0.872155,0.866355,360377,46089,59623,360377
0.550000,0.500000,0.350000,3,2.500000,0.970000,0.872047,0.886491,0.858067,0.011200,168,15000,0.295629,0.243204,0.202756,0.456524,0.872026,0.866335,360388,46145,59612,360388
0.550000,0.600000,0.300000,3,2.500000,0.970000,0.872046,0.886664,0.857902,0.011200,168,15000,0.297557,0.246021,0.206651,0.457938,0.872131,0.866372,360319,46057,59681,360319
0.550000,0.500000,0.250000,3,2.500000,0.970000,0.872011,0.886427,0.858057,0.011200,168,15000,0.301772,0.251358,0.213577,0.461726,0.872061,0.866284,360384,46174,59616,360384
0.450000,0.500000,0.400000,5,2.500000,1.170000,0.872011,0.848739,0.896595,0.032933,494,15000,0.299101,0.243545,0.199407,0.467646,0.871527,0.861652,376570,67112,43430,376570
0.550000,0.500000,0.300000,3,2.500000,0.970000,0.871971,0.886492,0.857919,0.011200,168,15000,0.297567,0.246017,0.206645,0.457902,0.872036,0.866301,360326,46137,59674,360326
0.550000,0.600000,0.400000,3,2.500000,0.970000,0.871907,0.886404,0.857876,0.011200,168,15000,0.294712,0.241680,0.200376,0.456026,0.872025,0.866366,360308,46175,59692,360308
0.550000,0.500000,0.400000,3,2.500000,0.970000,0.871832,0.886231,0.857893,0.011200,168,15000,0.294723,0.241676,0.200373,0.455985,0.871925,0.866286,360315,46255,59685,360315
0.450000,0.700000,0.250000,2,2.500000,0.870000,0.871756,0.866535,0.877040,0.018733,281,15000,0.298083,0.246144,0.206507,0.457905,0.870816,0.866850,368357,56735,51643,368357
0.500000,0.700000,0.250000,2,2.500000,0.870000,0.871751,0.880156,0.863505,0.012267,184,15000,0.298184,0.247192,0.208474,0.457538,0.870756,0.864603,362672,49382,57328,362672
0.450000,0.700000,0.350000,2,2.500000,0.870000,0.871735,0.866593,0.876938,0.018733,281,15000,0.293638,0.239927,0.198168,0.454787,0.870891,0.866859,368314,56700,51686,368314
0.500000,0.700000,0.300000,2,2.500000,0.870000,0.871724,0.880199,0.863412,0.012267,184,15000,0.294846,0.242776,0.202783,0.455146,0.870834,0.864661,362633,49357,57367,362633
0.450000,0.700000,0.400000,6,2.500000,1.270000,0.871718,0.846158,0.898871,0.037200,558,15000,0.300956,0.244996,0.200309,0.472128,0.871309,0.860513,377526,68639,42474,377526
0.450000,0.700000,0.300000,2,2.500000,0.870000,0.871714,0.866561,0.876929,0.018733,281,15000,0.294891,0.241927,0.201145,0.455380,0.870896,0.866854,368310,56715,51690,368310
0.450000,0.600000,0.350000,6,2.500000,1.270000,0.871685,0.845073,0.900029,0.037200,558,15000,0.301185,0.245881,0.201886,0.471552,0.871274,0.860091,378012,69301,41988,378012
0.500000,0.700000,0.350000,2,2.500000,0.870000,0.871683,0.880180,0.863348,0.012267,184,15000,0.293323,0.240491,0.199399,0.454256,0.870818,0.864697,362606,49362,57394,362606
0.500000,0.700000,0.400000,2,2.500000,0.870000,0.871676,0.880177,0.863338,0.012267,184,15000,0.293022,0.239573,0.197731,0.454619,0.870668,0.864700,362602,49363,57398,362602
0.450000,0.700000,0.400000,2,2.500000,0.870000,0.871675,0.866527,0.876886,0.018733,281,15000,0.293437,0.239200,0.196726,0.455399,0.870768,0.866822,368292,56729,51708,368292
0.450000,0.600000,0.250000,2,2.500000,0.870000,0.871654,0.865332,0.878069,0.018733,281,15000,0.297727,0.245850,0.206265,0.457004,0.870788,0.866579,368789,57393,51211,368789
0.450000,0.600000,0.300000,2,2.500000,0.870000,0.871634,0.865388,0.877971,0.018733,281,15000,0.294501,0.241609,0.200916,0.454398,0.870844,0.866543,368748,57359,51252,368748
0.500000,0.600000,0.250000,2,2.500000,0.870000,0.871633,0.878924,0.864462,0.012267,184,15000,0.297876,0.246952,0.208289,0.456898,0.870722,0.864547,363074,50015,56926,363074
0.450000,0.600000,0.350000,2,2.500000,0.870000,0.871611,0.865385,0.877929,0.018733,281,15000,0.293228,0.239584,0.197926,0.453855,0.870831,0.866495,368730,57358,51270,368730
0.500000,0.600000,0.300000,2,2.500000,0.870000,0.871609,0.878970,0.864369,0.012267,184,15000,0.294526,0.242530,0.202615,0.454413,0.870780,0.864579,363035,49988,56965,363035
0.450000,0.700000,0.300000,4,1.500000,0.870000,0.871590,0.852663,0.891376,0.028600,429,15000,0.297788,0.244466,0.203202,0.460613,0.871018,0.862093,374378,64691,45622,374378
0.450000,0.500000,0.250000,2,2.500000,0.870000,0.871570,0.865141,0.878095,0.018733,281,15000,0.297780,0.245862,0.206247,0.457052,0.870612,0.866444,368800,57489,51200,368800
0.500000,0.500000,0.250000,2,2.500000,0.870000,0.871559,0.878747,0.864488,0.012267,184,15000,0.297861,0.246909,0.208211,0.456849,0.870551,0.864493,363085,50100,56915,363085
0.450000,0.500000,0.350000,6,2.500000,1.270000,0.871556,0.844811,0.900050,0.037200,558,15000,0.301183,0.245857,0.201859,0.471467,0.871025,0.859860,378021,69441,41979,378021
0.450000,0.500000,0.300000,2,2.500000,0.870000,0.871553,0.865199,0.878000,0.018733,281,15000,0.294557,0.241621,0.200900,0.454446,0.870690,0.866414,368760,57454,51240,368760
0.450000,0.600000,0.400000,2,2.500000,0.870000,0.871550,0.865329,0.877862,0.018733,281,15000,0.293063,0.238883,0.196477,0.454518,0.870708,0.866427,368702,57381,51298,368702
0.500000,0.600000,0.350000,2,2.500000,0.870000,0.871544,0.878930,0.864281,0.012267,184,15000,0.292978,0.240226,0.199214,0.453494,0.870748,0.864616,362998,50002,57002,362998
0.500000,0.500000,0.300000,2,2.500000,0.870000,0.871543,0.878802,0.864402,0.012267,184,15000,0.294537,0.242511,0.202555,0.454396,0.870628,0.864520,363049,50069,56951,363049
0.450000,0.500000,0.350000,2,2.500000,0.870000,0.871538,0.865201,0.877969,0.018733,281,15000,0.293294,0.239598,0.197899,0.453920,0.870674,0.866374,368747,57451,51253,368747
0.450000,0.700000,0.350000,4,1.500000,0.870000,0.871493,0.852576,0.891269,0.028600,429,15000,0.296309,0.242172,0.199905,0.459920,0.870896,0.862074,374333,64728,45667,374333
0.500000,0.600000,0.400000,2,2.500000,0.870000,0.871489,0.878861,0.864240,0.012267,184,15000,0.292648,0.239298,0.197515,0.453752,0.870606,0.864630,362981,50032,57019,362981
0.500000,0.500000,0.350000,2,2.500000,0.870000,0.871476,0.878759,0.864312,0.012267,184,15000,0.292983,0.240204,0.199159,0.453460,0.870599,0.864556,363011,50084,56989,363011
0.450000,0.500000,0.400000,2,2.500000,0.870000,0.871461,0.865126,0.877890,0.018733,281,15000,0.293113,0.238887,0.196455,0.454556,0.870536,0.866299,368714,57483,51286,368714
0.450000,0.700000,0.250000,4,1.500000,0.870000,0.871447,0.852436,0.891324,0.028600,429,15000,0.301227,0.249044,0.209167,0.463582,0.870969,0.862169,374356,64804,45644,374356
0.500000,0.500000,0.400000,2,2.500000,0.870000,0.871416,0.878689,0.864262,0.012267,184,15000,0.292641,0.239273,0.197476,0.453693,0.870434,0.864574,362990,50114,57010,362990
0.450000,0.600000,0.300000,4,1.500000,0.870000,0.871160,0.851154,0.892129,0.028600,429,15000,0.297439,0.244159,0.202954,0.459670,0.870673,0.861248,374694,65525,45306,374694
0.450000,0.700000,0.250000,5,1.500000,0.930000,0.871159,0.847842,0.895795,0.032933,494,15000,0.302838,0.250389,0.210196,0.467301,0.870569,0.860394,376234,67521,43766,376234
0.550000,0.700000,0.350000,3,1.500000,0.810000,0.871146,0.884725,0.857979,0.011200,168,15000,0.295956,0.243336,0.202743,0.456458,0.871228,0.865110,360351,46952,59649,360351
0.450000,0.600000,0.250000,4,1.500000,0.870000,0.871091,0.851006,0.892148,0.028600,429,15000,0.300864,0.248735,0.208873,0.462638,0.870644,0.861371,374702,65603,45298,374702
0.550000,0.700000,0.300000,3,1.500000,0.810000,0.871085,0.884700,0.857883,0.011200,168,15000,0.298020,0.246268,0.206722,0.458203,0.871217,0.865047,360311,46958,59689,360311
0.450000,0.700000,0.300000,5,1.500000,0.930000,0.871077,0.847791,0.895679,0.032933,494,15000,0.299240,0.245650,0.203998,0.463759,0.870513,0.860337,376185,67539,43815,376185
0.550000,0.700000,0.250000,3,1.500000,0.810000,0.871072,0.884600,0.857952,0.011200,168,15000,0.302184,0.251588,0.213683,0.461878,0.871228,0.865038,360340,47008,59660,360340
0.450000,0.600000,0.350000,4,1.500000,0.870000,0.871067,0.851106,0.891986,0.028600,429,15000,0.295862,0.241820,0.199647,0.458692,0.870540,0.861218,374634,65539,45366,374634
0.450000,0.500000,0.300000,4,1.500000,0.870000,0.871047,0.850924,0.892145,0.028600,429,15000,0.297456,0.244148,0.202942,0.459596,0.870468,0.861070,374701,65645,45299,374701
0.450000,0.700000,0.400000,4,1.500000,0.870000,0.871044,0.852070,0.890883,0.028600,429,15000,0.295809,0.241160,0.198264,0.460070,0.870603,0.861949,374171,64961,45829,374171
0.450000,0.700000,0.350000,3,1.500000,0.810000,0.871024,0.857260,0.885236,0.023933,359,15000,0.295107,0.241118,0.199070,0.457316,0.870576,0.863802,371799,61907,48201,371799
0.550000,0.700000,0.400000,3,1.500000,0.810000,0.871015,0.884612,0.857831,0.011200,168,15000,0.295016,0.241831,0.200474,0.456291,0.871161,0.865098,360289,46996,59711,360289
0.450000,0.500000,0.250000,4,1.500000,0.870000,0.870989,0.850782,0.892179,0.028600,429,15000,0.300915,0.248745,0.208859,0.462621,0.870454,0.861241,374715,65721,45285,374715
0.450000,0.600000,0.400000,6,2.500000,1.270000,0.870921,0.844308,0.899267,0.037200,558,15000,0.300614,0.244728,0.200081,0.471207,0.870704,0.859631,377692,69647,42308,377692
0.450000,0.500000,0.350000,4,1.500000,0.870000,0.870917,0.850829,0.891976,0.028600,429,15000,0.295851,0.241782,0.199607,0.458530,0.870336,0.861056,374630,65682,45370,374630
0.450000,0.700000,0.300000,3,1.500000,0.810000,0.870894,0.857144,0.885093,0.023933,359,15000,0.296330,0.243204,0.202273,0.457490,0.870585,0.863788,371739,61956,48261,371739
0.450000,0.700000,0.250000,3,1.500000,0.810000,0.870879,0.857076,0.885133,0.023933,359,15000,0.299697,0.247691,0.208093,0.460259,0.870559,0.863988,371756,61993,48244,371756
0.450000,0.500000,0.400000,6,2.500000,1.270000,0.870826,0.844067,0.899336,0.037200,558,15000,0.300678,0.244752,0.200098,0.471291,0.870469,0.859388,377721,69780,42279,377721
0.550000,0.600000,0.350000,3,1.500000,0.810000,0.870810,0.883271,0.858695,0.011200,168,15000,0.295655,0.243106,0.202577,0.455795,0.870937,0.864807,360652,47662,59348,360652
0.450000,0.700000,0.400000,3,1.500000,0.810000,0.870797,0.856994,0.885052,0.023933,359,15000,0.294928,0.240343,0.197646,0.457692,0.870408,0.863686,371722,62029,48278,371722
0.550000,0.600000,0.300000,3,1.500000,0.810000,0.870765,0.883287,0.858593,0.011200,168,15000,0.297710,0.246037,0.206565,0.457521,0.870926,0.864758,360609,47649,59391,360609
0.550000,0.600000,0.250000,3,1.500000,0.810000,0.870762,0.883205,0.858664,0.011200,168,15000,0.301937,0.251394,0.213551,0.461322,0.870937,0.864764,360639,47691,59361,360639
0.450000,0.700000,0.350000,5,1.500000,0.930000,0.870743,0.847471,0.895329,0.032933,494,15000,0.297440,0.243137,0.200555,0.462694,0.870287,0.860283,376038,67680,43962,376038
0.550000,0.500000,0.350000,3,1.500000,0.810000,0.870733,0.883098,0.858710,0.011200,168,15000,0.295656,0.243095,0.202567,0.455742,0.870847,0.864744,360658,47743,59342,360658
0.450000,0.600000,0.350000,3,1.500000,0.810000,0.870704,0.855937,0.885990,0.023933,359,15000,0.294637,0.240765,0.198808,0.456269,0.870347,0.863170,372116,62631,47884,372116
0.550000,0.500000,0.300000,3,1.500000,0.810000,0.870689,0.883114,0.858610,0.011200,168,15000,0.297713,0.246027,0.206553,0.457466,0.870841,0.864690,360616,47730,59384,360616
0.550000,0.500000,0.250000,3,1.500000,0.810000,0.870686,0.883032,0.858681,0.011200,168,15000,0.301937,0.251381,0.213526,0.461271,0.870859,0.864696,360646,47772,59354,360646
0.450000,0.600000,0.250000,3,1.500000,0.810000,0.870662,0.855859,0.885986,0.023933,359,15000,0.299268,0.247341,0.207791,0.459244,0.870348,0.863421,372114,62670,47886,372114
0.450000,0.600000,0.300000,3,1.500000,0.810000,0.870637,0.855874,0.885919,0.023933,359,15000,0.295889,0.242869,0.202038,0.456526,0.870358,0.863201,372086,62658,47914,372086
0.550000,0.600000,0.400000,3,1.500000,0.810000,0.870622,0.883094,0.858498,0.011200,168,15000,0.294666,0.241570,0.200268,0.455496,0.870834,0.864784,360569,47733,59431,360569
0.450000,0.500000,0.350000,3,1.500000,0.810000,0.870603,0.855721,0.886012,0.023933,359,15000,0.294668,0.240754,0.198770,0.456278,0.870189,0.863056,372125,62742,47875,372125
0.450000,0.600000,0.400000,4,1.500000,0.870000,0.870599,0.850613,0.891548,0.028600,429,15000,0.295388,0.240823,0.197985,0.459013,0.870223,0.861080,374450,65762,45550,374450
0.450000,0.600000,0.250000,5,1.500000,0.930000,0.870568,0.846262,0.896312,0.032933,494,15000,0.302528,0.250135,0.210034,0.466190,0.870132,0.859524,376451,68389,43549,376451
0.450000,0.500000,0.250000,3,1.500000,0.810000,0.870560,0.855642,0.886007,0.023933,359,15000,0.299295,0.247332,0.207753,0.459241,0.870202,0.863284,372123,62782,47877,372123
0.550000,0.500000,0.400000,3,1.500000,0.810000,0.870545,0.882920,0.858512,0.011200,168,15000,0.294668,0.241560,0.200258,0.455442,0.870749,0.864721,360575,47814,59425,360575
0.450000,0.500000,0.300000,3,1.500000,0.810000,0.870527,0.855656,0.885924,0.023933,359,15000,0.295921,0.242867,0.202010,0.456555,0.870215,0.863058,372088,62769,47912,372088
0.450000,0.700000,0.400000,5,1.500000,0.930000,0.870485,0.847202,0.895083,0.032933,494,15000,0.297112,0.242212,0.198934,0.462815,0.870016,0.860352,375935,67802,44065,375935
0.450000,0.500000,0.400000,4,1.500000,0.870000,0.870482,0.850359,0.891581,0.028600,429,15000,0.295430,0.240817,0.197963,0.458997,0.870021,0.860909,374464,65896,45536,374464
0.500000,0.700000,0.350000,2,1.500000,0.750000,0.870479,0.877277,0.863786,0.012267,184,15000,0.293496,0.240394,0.199156,0.453525,0.869513,0.863698,362790,50751,57210,362790
0.500000,0.700000,0.300000,2,1.500000,0.750000,0.870474,0.877240,0.863812,0.012267,184,15000,0.295036,0.242748,0.202609,0.454276,0.869500,0.863640,362801,50770,57199,362801
0.500000,0.700000,0.250000,2,1.500000,0.750000,0.870470,0.877139,0.863902,0.012267,184,15000,0.298181,0.247089,0.208386,0.456679,0.869400,0.863565,362839,50823,57161,362839
0.450000,0.500000,0.250000,5,1.500000,0.930000,0.870456,0.846036,0.896329,0.032933,494,15000,0.302556,0.250130,0.210017,0.466063,0.869907,0.859338,376458,68509,43542,376458
0.500000,0.700000,0.400000,2,1.500000,0.750000,0.870456,0.877242,0.863774,0.012267,184,15000,0.293030,0.239392,0.197444,0.453789,0.869380,0.863760,362785,50767,57215,362785
0.450000,0.600000,0.400000,3,1.500000,0.810000,0.870442,0.855635,0.885771,0.023933,359,15000,0.294422,0.239973,0.197354,0.456674,0.870156,0.863019,372024,62769,47976,372024
0.450000,0.600000,0.300000,5,1.500000,0.930000,0.870377,0.846093,0.896095,0.032933,494,15000,0.298975,0.245405,0.203811,0.463036,0.870030,0.859517,376360,68461,43640,376360
0.450000,0.500000,0.400000,3,1.500000,0.810000,0.870348,0.855426,0.885800,0.023933,359,15000,0.294450,0.239962,0.197326,0.456691,0.870002,0.862902,372036,62877,47964,372036
0.450000,0.500000,0.300000,5,1.500000,0.930000,0.870262,0.845863,0.896110,0.032933,494,15000,0.299010,0.245399,0.203784,0.462988,0.869813,0.859299,376366,68583,43634,376366
0.500000,0.600000,0.250000,2,1.500000,0.750000,0.870261,0.875872,0.864721,0.012267,184,15000,0.297832,0.246840,0.208210,0.456100,0.869354,0.863463,363183,51470,56817,363183
0.500000,0.600000,0.300000,2,1.500000,0.750000,0.870239,0.875950,0.864602,0.012267,184,15000,0.294647,0.242467,0.202429,0.453526,0.869431,0.863539,363133,51426,56867,363133
0.500000,0.600000,0.350000,2,1.500000,0.750000,0.870226,0.875970,0.864557,0.012267,184,15000,0.293079,0.240098,0.198980,0.452644,0.869437,0.863602,363114,51414,56886,363114
0.500000,0.500000,0.250000,2,1.500000,0.750000,0.870197,0.875704,0.864760,0.012267,184,15000,0.297827,0.246801,0.208135,0.456069,0.869156,0.863400,363199,51552,56801,363199
0.500000,0.600000,0.400000,2,1.500000,0.750000,0.870193,0.875893,0.864567,0.012267,184,15000,0.292612,0.239085,0.197221,0.452925,0.869319,0.863675,363118,51451,56882,363118
0.500000,0.500000,0.300000,2,1.500000,0.750000,0.870175,0.875783,0.864638,0.012267,184,15000,0.294643,0.242438,0.202364,0.453484,0.869255,0.863472,363148,51507,56852,363148
0.500000,0.500000,0.350000,2,1.500000,0.750000,0.870159,0.875801,0.864590,0.012267,184,15000,0.293071,0.240066,0.198922,0.452582,0.869263,0.863537,363128,51496,56872,363128
0.500000,0.500000,0.400000,2,1.500000,0.750000,0.870135,0.875741,0.864600,0.012267,184,15000,0.292607,0.239061,0.197186,0.452870,0.869122,0.863616,363132,51525,56868,363132
0.450000,0.600000,0.350000,5,1.500000,0.930000,0.870063,0.845799,0.895760,0.032933,494,15000,0.297113,0.242864,0.200360,0.461637,0.869792,0.859491,376219,68590,43781,376219
0.450000,0.700000,0.250000,2,1.500000,0.750000,0.870006,0.863229,0.876890,0.018733,281,15000,0.298170,0.246134,0.206619,0.456860,0.869262,0.865005,368294,58353,51706,368294
0.450000,0.700000,0.250000,6,1.500000,0.990000,0.869975,0.843114,0.898605,0.037200,558,15000,0.304585,0.251739,0.211016,0.471489,0.869554,0.857823,377414,70229,42586,377414
0.450000,0.700000,0.400000,2,1.500000,0.750000,0.869969,0.863295,0.876748,0.018733,281,15000,0.293291,0.238951,0.196439,0.454437,0.869263,0.865068,368234,58311,51766,368234
0.450000,0.500000,0.350000,5,1.500000,0.930000,0.869968,0.845587,0.895795,0.032933,494,15000,0.297133,0.242853,0.200337,0.461541,0.869572,0.859279,376234,68704,43766,376234
0.450000,0.700000,0.350000,2,1.500000,0.750000,0.869946,0.863300,0.876695,0.018733,281,15000,0.293611,0.239751,0.197909,0.454190,0.869358,0.865055,368212,58305,51788,368212
0.450000,0.700000,0.300000,2,1.500000,0.750000,0.869897,0.863206,0.876693,0.018733,281,15000,0.294958,0.241881,0.201103,0.454664,0.869327,0.864925,368211,58351,51789,368211
0.450000,0.600000,0.400000,2,1.500000,0.750000,0.869856,0.862177,0.877674,0.018733,281,15000,0.292945,0.238658,0.196212,0.453679,0.869180,0.864745,368623,58926,51377,368623
0.450000,0.600000,0.250000,2,1.500000,0.750000,0.869851,0.862071,0.877771,0.018733,281,15000,0.297780,0.245813,0.206350,0.456030,0.869209,0.864745,368664,58985,51336,368664
0.450000,0.600000,0.350000,2,1.500000,0.750000,0.869829,0.862183,0.877612,0.018733,281,15000,0.293254,0.239448,0.197678,0.453339,0.869267,0.864744,368597,58919,51403,368597
0.450000,0.600000,0.400000,5,1.500000,0.930000,0.869796,0.845542,0.895483,0.032933,494,15000,0.296785,0.241935,0.198713,0.461877,0.869533,0.859508,376103,68704,43897,376103
0.450000,0.600000,0.300000,2,1.500000,0.750000,0.869788,0.862108,0.877607,0.018733,281,15000,0.294574,0.241569,0.200846,0.453760,0.869252,0.864719,368595,58956,51405,368595
0.450000,0.500000,0.400000,2,1.500000,0.750000,0.869770,0.861985,0.877698,0.018733,281,15000,0.292997,0.238664,0.196188,0.453731,0.869015,0.864624,368633,59023,51367,368633
0.450000,0.500000,0.250000,2,1.500000,0.750000,0.869759,0.861876,0.877788,0.018733,281,15000,0.297829,0.245820,0.206329,0.456038,0.869042,0.864615,368671,59083,51329,368671
0.450000,0.500000,0.350000,2,1.500000,0.750000,0.869736,0.861984,0.877629,0.018733,281,15000,0.293307,0.239453,0.197647,0.453358,0.869123,0.864620,368604,59019,51396,368604
0.450000,0.700000,0.300000,6,1.500000,0.990000,0.869731,0.842892,0.898336,0.037200,558,15000,0.301327,0.247155,0.204822,0.468221,0.869402,0.857913,377301,70326,42699,377301
0.450000,0.500000,0.300000,2,1.500000,0.750000,0.869697,0.861912,0.877624,0.018733,281,15000,0.294627,0.241577,0.200825,0.453761,0.869110,0.864592,368602,59054,51398,368602
0.450000,0.500000,0.400000,5,1.500000,0.930000,0.869693,0.845307,0.895529,0.032933,494,15000,0.296806,0.241922,0.198709,0.461830,0.869314,0.859289,376122,68831,43878,376122
0.450000,0.600000,0.250000,6,1.500000,0.990000,0.869220,0.841362,0.898986,0.037200,558,15000,0.304300,0.251502,0.210832,0.470575,0.869025,0.856843,377574,71191,42426,377574
0.450000,0.700000,0.350000,6,1.500000,0.990000,0.869205,0.842385,0.897788,0.037200,558,15000,0.299274,0.244533,0.201384,0.466584,0.869095,0.857738,377071,70552,42929,377071
0.450000,0.700000,0.400000,6,1.500000,0.990000,0.869107,0.842264,0.897717,0.037200,558,15000,0.298774,0.243457,0.199696,0.466304,0.868805,0.857448,377041,70611,42959,377041
0.450000,0.500000,0.250000,6,1.500000,0.990000,0.869082,0.841083,0.899010,0.037200,558,15000,0.304308,0.251485,0.210818,0.470386,0.868783,0.856581,377584,71342,42416,377584
0.450000,0.600000,0.300000,6,1.500000,0.990000,0.868892,0.841063,0.898626,0.037200,558,15000,0.300906,0.246809,0.204568,0.467189,0.868814,0.856942,377423,71322,42577,377423
0.450000,0.700000,0.400000,1,4.000000,0.890000,0.868892,0.875271,0.862605,0.013267,199,15000,0.293181,0.238684,0.195873,0.455241,0.866806,0.855052,362294,51628,57706,362294
0.450000,0.700000,0.350000,1,4.000000,0.890000,0.868857,0.875220,0.862586,0.013267,199,15000,0.293283,0.239295,0.197179,0.454579,0.867040,0.855034,362286,51651,57714,362286
0.450000,0.600000,0.400000,1,4.000000,0.890000,0.868830,0.874087,0.863636,0.013267,199,15000,0.292853,0.238409,0.195682,0.454368,0.866964,0.854959,362727,52251,57273,362727
0.450000,0.600000,0.350000,1,4.000000,0.890000,0.868824,0.874064,0.863648,0.013267,199,15000,0.292959,0.239015,0.196995,0.453680,0.867151,0.854939,362732,52263,57268,362732
0.450000,0.500000,0.400000,1,4.000000,0.890000,0.868760,0.873914,0.863667,0.013267,199,15000,0.292883,0.238412,0.195676,0.454342,0.866670,0.854919,362740,52335,57260,362740
0.450000,0.500000,0.350000,1,4.000000,0.890000,0.868750,0.873886,0.863674,0.013267,199,15000,0.292984,0.239017,0.196983,0.453637,0.866908,0.854899,362743,52349,57257,362743
0.450000,0.500000,0.300000,6,1.500000,0.990000,0.868749,0.840778,0.898645,0.037200,558,15000,0.300928,0.246798,0.204554,0.467089,0.868586,0.856680,377431,71476,42569,377431
0.450000,0.700000,0.300000,1,4.000000,0.890000,0.868727,0.875054,0.862490,0.013267,199,15000,0.294188,0.241005,0.199886,0.454696,0.866933,0.854914,362246,51724,57754,362246
0.450000,0.600000,0.300000,1,4.000000,0.890000,0.868690,0.873899,0.863543,0.013267,199,15000,0.293885,0.240727,0.199661,0.453769,0.867040,0.854814,362688,52335,57312,362688
0.400000,0.700000,0.250000,2,4.000000,1.050000,0.868633,0.851438,0.886536,0.026800,402,15000,0.299235,0.246555,0.206130,0.460895,0.868555,0.866127,372345,64968,47655,372345
0.450000,0.500000,0.300000,1,4.000000,0.890000,0.868624,0.873736,0.863571,0.013267,199,15000,0.293900,0.240721,0.199651,0.453731,0.866800,0.854771,362700,52414,57300,362700
0.400000,0.700000,0.300000,2,4.000000,1.050000,0.868539,0.851357,0.886429,0.026800,402,15000,0.296557,0.242710,0.200929,0.459240,0.868544,0.866189,372300,65002,47700,372300
0.400000,0.700000,0.350000,2,4.000000,1.050000,0.868510,0.851331,0.886398,0.026800,402,15000,0.295674,0.240999,0.198155,0.460121,0.868527,0.866330,372287,65013,47713,372287
0.450000,0.700000,0.250000,1,4.000000,0.890000,0.868500,0.874779,0.862310,0.013267,199,15000,0.296649,0.244589,0.204746,0.455952,0.866642,0.854903,362170,51843,57830,362170
0.450000,0.600000,0.250000,1,4.000000,0.890000,0.868452,0.873617,0.863348,0.013267,199,15000,0.296373,0.244320,0.204522,0.455111,0.866777,0.854805,362606,52457,57394,362606
0.450000,0.600000,0.350000,6,1.500000,0.990000,0.868431,0.840622,0.898143,0.037200,558,15000,0.298914,0.244236,0.201183,0.465520,0.868480,0.856760,377220,71519,42780,377220
0.400000,0.700000,0.400000,2,4.000000,1.050000,0.868390,0.851214,0.886274,0.026800,402,15000,0.295895,0.240579,0.196844,0.461533,0.868429,0.866308,372235,65064,47765,372235
0.450000,0.500000,0.250000,1,4.000000,0.890000,0.868384,0.873452,0.863374,0.013267,199,15000,0.296382,0.244311,0.204513,0.455051,0.866511,0.854763,362617,52537,57383,362617
0.450000,0.600000,0.400000,6,1.500000,0.990000,0.868343,0.840541,0.898048,0.037200,558,15000,0.298377,0.243147,0.199476,0.465165,0.868253,0.856496,377180,71555,42820,377180
0.400000,0.600000,0.250000,2,4.000000,1.050000,0.868282,0.850060,0.887302,0.026800,402,15000,0.298827,0.246181,0.205810,0.459975,0.868311,0.865955,372667,65734,47333,372667
0.450000,0.500000,0.350000,6,1.500000,0.990000,0.868263,0.840324,0.898124,0.037200,558,15000,0.298888,0.244191,0.201153,0.465311,0.868281,0.856533,377212,71677,42788,377212
0.450000,0.500000,0.400000,6,1.500000,0.990000,0.868231,0.840284,0.898100,0.037200,558,15000,0.298402,0.243139,0.199482,0.465151,0.868024,0.856261,377202,71696,42798,377202
0.400000,0.600000,0.300000,2,4.000000,1.050000,0.868181,0.849980,0.887179,0.026800,402,15000,0.296141,0.242326,0.200617,0.458285,0.868269,0.866018,372615,65766,47385,372615
0.400000,0.700000,0.300000,3,4.000000,1.210000,0.868165,0.844124,0.893614,0.034267,514,15000,0.299339,0.244811,0.202109,0.465481,0.868612,0.865870,375318,69306,44682,375318
0.400000,0.600000,0.350000,2,4.000000,1.050000,0.868151,0.849960,0.887138,0.026800,402,15000,0.295272,0.240619,0.197863,0.459099,0.868244,0.866206,372598,65773,47402,372598
0.400000,0.700000,0.350000,3,4.000000,1.210000,0.868137,0.844133,0.893545,0.034267,514,15000,0.298622,0.243135,0.199294,0.466425,0.868534,0.865804,375289,69296,44711,375289
0.400000,0.500000,0.250000,2,4.000000,1.050000,0.868134,0.849802,0.887274,0.026800,402,15000,0.298763,0.246128,0.205775,0.459788,0.868183,0.865852,372655,65865,47345,372655
0.400000,0.700000,0.250000,3,4.000000,1.210000,0.868064,0.843997,0.893545,0.034267,514,15000,0.301714,0.248527,0.207428,0.466535,0.868708,0.865839,375289,69368,44711,375289
0.400000,0.500000,0.300000,2,4.000000,1.050000,0.868042,0.849731,0.887160,0.026800,402,15000,0.296097,0.242282,0.200583,0.458115,0.868146,0.865919,372607,65893,47393,372607
0.400000,0.600000,0.400000,2,4.000000,1.050000,0.868031,0.849845,0.887012,0.026800,402,15000,0.295497,0.240208,0.196581,0.460374,0.868149,0.866149,372545,65823,47455,372545
0.400000,0.500000,0.350000,2,4.000000,1.050000,0.868014,0.849710,0.887124,0.026800,402,15000,0.295242,0.240582,0.197835,0.458954,0.868122,0.866104,372592,65901,47408,372592
0.400000,0.500000,0.400000,2,4.000000,1.050000,0.867890,0.849593,0.886993,0.026800,402,15000,0.295469,0.240175,0.196556,0.460267,0.868034,0.866047,372537,65952,47463,372537
0.400000,0.700000,0.400000,3,4.000000,1.210000,0.867788,0.843777,0.893205,0.034267,514,15000,0.298962,0.242788,0.198042,0.468630,0.868416,0.865816,375146,69457,44854,375146
0.400000,0.700000,0.250000,4,4.000000,1.370000,0.867555,0.838360,0.898857,0.041133,617,15000,0.304878,0.250886,0.208925,0.474271,0.868249,0.864555,377520,72788,42480,377520
0.400000,0.600000,0.300000,3,4.000000,1.210000,0.867530,0.842498,0.894095,0.034267,514,15000,0.299031,0.244501,0.201842,0.464662,0.868104,0.865188,375520,70202,44480,375520
0.400000,0.600000,0.250000,3,4.000000,1.210000,0.867486,0.842438,0.894069,0.034267,514,15000,0.301347,0.248196,0.207142,0.465667,0.868189,0.865183,375509,70232,44491,375509
0.400000,0.600000,0.350000,3,4.000000,1.210000,0.867473,0.842483,0.893990,0.034267,514,15000,0.298313,0.242825,0.199026,0.465376,0.868022,0.865154,375476,70202,44524,375476
0.400000,0.700000,0.300000,4,4.000000,1.370000,0.867444,0.838270,0.898721,0.041133,617,15000,0.302232,0.246946,0.203287,0.472660,0.868107,0.864512,377463,72825,42537,377463
0.450000,0.700000,0.400000,1,2.500000,0.770000,0.867435,0.872425,0.862502,0.013267,199,15000,0.292725,0.238268,0.195545,0.453866,0.865914,0.854514,362251,52972,57749,362251
0.450000,0.700000,0.350000,1,2.500000,0.770000,0.867416,0.872393,0.862495,0.013267,199,15000,0.292977,0.238992,0.196925,0.453458,0.866047,0.854493,362248,52987,57752,362248
0.400000,0.500000,0.300000,3,4.000000,1.210000,0.867398,0.842247,0.894098,0.034267,514,15000,0.299017,0.244481,0.201817,0.464563,0.867985,0.865034,375521,70335,44479,375521
0.450000,0.600000,0.400000,1,2.500000,0.770000,0.867397,0.871316,0.863512,0.013267,199,15000,0.292443,0.238019,0.195354,0.453132,0.865992,0.854405,362675,53563,57325,362675
0.550000,0.700000,0.300000,2,4.000000,1.050000,0.867392,0.894540,0.841843,0.008800,132,15000,0.296053,0.244438,0.204827,0.456595,0.867365,0.856304,353574,41684,66426,353574
0.550000,0.700000,0.350000,2,4.000000,1.050000,0.867378,0.894506,0.841848,0.008800,132,15000,0.294423,0.241963,0.201229,0.455601,0.867371,0.856380,353576,41699,66424,353576
0.450000,0.600000,0.350000,1,2.500000,0.770000,0.867368,0.871277,0.863495,0.013267,199,15000,0.292695,0.238727,0.196712,0.452619,0.866103,0.854379,362668,53581,57332,362668
0.550000,0.700000,0.400000,2,4.000000,1.050000,0.867358,0.894428,0.841879,0.008800,132,15000,0.293767,0.240728,0.199162,0.455614,0.867341,0.856363,353589,41735,66411,353589
0.400000,0.500000,0.250000,3,4.000000,1.210000,0.867352,0.842184,0.894069,0.034267,514,15000,0.301300,0.248158,0.207114,0.465560,0.868104,0.865040,375509,70366,44491,375509
0.550000,0.700000,0.250000,2,4.000000,1.050000,0.867342,0.894456,0.841824,0.008800,132,15000,0.299624,0.249102,0.211009,0.459527,0.867354,0.856187,353566,41720,66434,353566
0.400000,0.500000,0.350000,3,4.000000,1.210000,0.867336,0.842209,0.894007,0.034267,514,15000,0.298291,0.242793,0.198992,0.465253,0.867910,0.865008,375483,70348,44517,375483
0.450000,0.700000,0.300000,1,2.500000,0.770000,0.867329,0.872278,0.862436,0.013267,199,15000,0.293898,0.240713,0.199625,0.453356,0.865988,0.854368,362223,53038,57777,362223
0.450000,0.500000,0.400000,1,2.500000,0.770000,0.867326,0.871150,0.863536,0.013267,199,15000,0.292463,0.238019,0.195355,0.453098,0.865774,0.854372,362685,53644,57315,362685
0.400000,0.700000,0.350000,4,4.000000,1.370000,0.867314,0.838184,0.898543,0.041133,617,15000,0.301338,0.245150,0.200377,0.473190,0.867928,0.864525,377388,72857,42612,377388
0.450000,0.500000,0.350000,1,2.500000,0.770000,0.867296,0.871108,0.863517,0.013267,199,15000,0.292709,0.238724,0.196707,0.452565,0.865915,0.854347,362677,53663,57323,362677
0.450000,0.600000,0.300000,1,2.500000,0.770000,0.867281,0.871171,0.863426,0.013267,199,15000,0.293639,0.240462,0.199381,0.452610,0.866046,0.854257,362639,53627,57361,362639
0.450000,0.700000,0.250000,1,2.500000,0.770000,0.867265,0.872178,0.862407,0.013267,199,15000,0.296627,0.244490,0.204595,0.455019,0.865773,0.854329,362211,53084,57789,362211
0.450000,0.600000,0.250000,1,2.500000,0.770000,0.867236,0.871088,0.863417,0.013267,199,15000,0.296377,0.244231,0.204339,0.454365,0.865855,0.854218,362635,53666,57365,362635
0.450000,0.500000,0.300000,1,2.500000,0.770000,0.867212,0.871009,0.863448,0.013267,199,15000,0.293655,0.240456,0.199373,0.452567,0.865862,0.854222,362648,53706,57352,362648
0.450000,0.500000,0.250000,1,2.500000,0.770000,0.867166,0.870926,0.863438,0.013267,199,15000,0.296387,0.244222,0.204329,0.454318,0.865644,0.854182,362644,53745,57356,362644
0.550000,0.600000,0.250000,2,4.000000,1.050000,0.867156,0.893076,0.842698,0.008800,132,15000,0.299295,0.248838,0.210779,0.458851,0.867190,0.855962,353933,42375,66067,353933
0.550000,0.600000,0.300000,2,4.000000,1.050000,0.867155,0.893098,0.842676,0.008800,132,15000,0.295702,0.244174,0.204649,0.455879,0.867182,0.856033,353924,42364,66076,353924
0.400000,0.600000,0.400000,3,4.000000,1.210000,0.867127,0.842072,0.893719,0.034267,514,15000,0.298641,0.242466,0.197770,0.467570,0.867883,0.865139,375362,70398,44638,375362
0.550000,0.600000,0.350000,2,4.000000,1.050000,0.867110,0.893040,0.842643,0.008800,132,15000,0.294031,0.241680,0.201032,0.454766,0.867171,0.856135,353910,42388,66090,353910
0.550000,0.500000,0.250000,2,4.000000,1.050000,0.867079,0.892897,0.842712,0.008800,132,15000,0.299289,0.248817,0.210731,0.458797,0.867120,0.855914,353939,42455,66061,353939
0.550000,0.500000,0.300000,2,4.000000,1.050000,0.867076,0.892915,0.842690,0.008800,132,15000,0.295697,0.244154,0.204610,0.455831,0.867106,0.855983,353930,42446,66070,353930
0.550000,0.600000,0.400000,2,4.000000,1.050000,0.867065,0.892939,0.842648,0.008800,132,15000,0.293342,0.240418,0.198964,0.454682,0.867124,0.856089,353912,42433,66088,353912
0.550000,0.500000,0.350000,2,4.000000,1.050000,0.867038,0.892867,0.842662,0.008800,132,15000,0.294042,0.241673,0.201010,0.454776,0.867095,0.856079,353918,42466,66082,353918
0.400000,0.500000,0.400000,3,4.000000,1.210000,0.867001,0.841813,0.893743,0.034267,514,15000,0.298640,0.242448,0.197746,0.467570,0.867799,0.865008,375372,70537,44628,375372
0.550000,0.500000,0.400000,2,4.000000,1.050000,0.866996,0.892772,0.842667,0.008800,132,15000,0.293351,0.240410,0.198948,0.454679,0.867042,0.856032,353920,42508,66080,353920
0.400000,0.700000,0.350000,2,2.500000,0.870000,0.866859,0.848726,0.885783,0.026800,402,15000,0.294528,0.240073,0.197657,0.456634,0.866998,0.864852,372029,66309,47971,372029
0.400000,0.700000,0.300000,2,2.500000,0.870000,0.866854,0.848672,0.885833,0.026800,402,15000,0.295524,0.241851,0.200442,0.456123,0.866997,0.864818,372050,66341,47950,372050
0.400000,0.700000,0.250000,2,2.500000,0.870000,0.866850,0.848665,0.885831,0.026800,402,15000,0.298210,0.245645,0.205450,0.457616,0.867028,0.864711,372049,66344,47951,372049
0.400000,0.700000,0.400000,2,2.500000,0.870000,0.866822,0.848718,0.885714,0.026800,402,15000,0.294629,0.239617,0.196368,0.457717,0.866990,0.864862,372000,66308,48000,372000
0.400000,0.700000,0.400000,4,4.000000,1.370000,0.866757,0.837652,0.897957,0.041133,617,15000,0.301702,0.244752,0.199150,0.474980,0.867655,0.864272,377142,73095,42858,377142
0.400000,0.700000,0.250000,5,4.000000,1.530000,0.866694,0.833445,0.902705,0.047667,715,15000,0.306869,0.252482,0.210056,0.478508,0.867400,0.863345,379136,75766,40864,379136
0.550000,0.700000,0.400000,2,2.500000,0.870000,0.866675,0.891985,0.842762,0.008800,132,15000,0.293192,0.240219,0.198798,0.453888,0.866430,0.855270,353960,42863,66040,353960
0.550000,0.700000,0.350000,2,2.500000,0.870000,0.866670,0.891986,0.842752,0.008800,132,15000,0.293864,0.241468,0.200831,0.453883,0.866472,0.855230,353956,42862,66044,353956
0.400000,0.600000,0.250000,4,4.000000,1.370000,0.866665,0.836501,0.899086,0.041133,617,15000,0.304476,0.250535,0.208612,0.473308,0.867528,0.863655,377616,73807,42384,377616
0.400000,0.600000,0.300000,4,4.000000,1.370000,0.866648,0.836512,0.899036,0.041133,617,15000,0.301787,0.246544,0.202922,0.471594,0.867382,0.863666,377595,73797,42405,377595
0.550000,0.700000,0.300000,2,2.500000,0.870000,0.866618,0.891896,0.842733,0.008800,132,15000,0.295606,0.244014,0.204477,0.455152,0.866448,0.855228,353948,42901,66052,353948
0.400000,0.700000,0.300000,5,4.000000,1.530000,0.866601,0.833356,0.902610,0.047667,715,15000,0.304495,0.248640,0.204333,0.477591,0.867219,0.863445,379096,75807,40904,379096
0.550000,0.700000,0.250000,2,2.500000,0.870000,0.866583,0.891803,0.842750,0.008800,132,15000,0.299403,0.248831,0.210726,0.458365,0.866406,0.855139,353955,42943,66045,353955
0.400000,0.600000,0.250000,2,2.500000,0.870000,0.866579,0.847392,0.886655,0.026800,402,15000,0.297844,0.245315,0.205194,0.456787,0.866762,0.864577,372395,67065,47605,372395
0.400000,0.600000,0.300000,2,2.500000,0.870000,0.866543,0.847386,0.886586,0.026800,402,15000,0.295122,0.241475,0.200150,0.455200,0.866730,0.864692,372366,67063,47634,372366
0.400000,0.600000,0.350000,4,4.000000,1.370000,0.866538,0.836397,0.898933,0.041133,617,15000,0.301012,0.244825,0.200067,0.472334,0.867220,0.863613,377552,73851,42448,377552
0.400000,0.600000,0.350000,2,2.500000,0.870000,0.866495,0.847387,0.886486,0.026800,402,15000,0.294118,0.239695,0.197383,0.455685,0.866707,0.864715,372324,67055,47676,372324
0.400000,0.500000,0.250000,4,4.000000,1.370000,0.866472,0.836186,0.899033,0.041133,617,15000,0.304451,0.250510,0.208593,0.473242,0.867401,0.863522,377594,73973,42406,377594
0.400000,0.500000,0.250000,2,2.500000,0.870000,0.866444,0.847152,0.886636,0.026800,402,15000,0.297794,0.245278,0.205179,0.456666,0.866659,0.864475,372387,67188,47613,372387
0.400000,0.600000,0.400000,2,2.500000,0.870000,0.866427,0.847347,0.886386,0.026800,402,15000,0.294243,0.239255,0.196108,0.456739,0.866691,0.864712,372282,67068,47718,372282
0.400000,0.500000,0.300000,2,2.500000,0.870000,0.866414,0.847153,0.886571,0.026800,402,15000,0.295089,0.241443,0.200127,0.455092,0.866620,0.864584,372360,67183,47640,372360
0.400000,0.500000,0.300000,4,4.000000,1.370000,0.866409,0.836140,0.898952,0.041133,617,15000,0.301765,0.246518,0.202903,0.471511,0.867242,0.863507,377560,73991,42440,377560
0.550000,0.600000,0.350000,2,2.500000,0.870000,0.866401,0.890535,0.843540,0.008800,132,15000,0.293477,0.241184,0.200652,0.453028,0.866271,0.854978,354287,43549,65713,354287
0.400000,0.500000,0.350000,4,4.000000,1.370000,0.866375,0.836109,0.898914,0.041133,617,15000,0.300980,0.244784,0.200039,0.472178,0.867076,0.863439,377544,74005,42456,377544
0.400000,0.500000,0.350000,2,2.500000,0.870000,0.866374,0.847157,0.886483,0.026800,402,15000,0.294113,0.239679,0.197363,0.455621,0.866596,0.864605,372323,67174,47677,372323
0.550000,0.600000,0.300000,2,2.500000,0.870000,0.866372,0.890477,0.843538,0.008800,132,15000,0.295250,0.243746,0.204306,0.454393,0.866255,0.854934,354286,43575,65714,354286
0.550000,0.600000,0.400000,2,2.500000,0.870000,0.866366,0.890496,0.843510,0.008800,132,15000,0.292745,0.239896,0.198606,0.452896,0.866219,0.855002,354274,43565,65726,354274
0.550000,0.600000,0.250000,2,2.500000,0.870000,0.866355,0.890417,0.843560,0.008800,132,15000,0.299047,0.248558,0.210524,0.457568,0.866237,0.854897,354295,43603,65705,354295
0.450000,0.700000,0.400000,1,1.500000,0.690000,0.866335,0.869980,0.862721,0.013267,199,15000,0.293093,0.238327,0.195365,0.453703,0.864743,0.854166,362343,54153,57657,362343
0.550000,0.500000,0.350000,2,2.500000,0.870000,0.866335,0.890374,0.843560,0.008800,132,15000,0.293491,0.241180,0.200632,0.453045,0.866174,0.854935,354295,43622,65705,354295
0.400000,0.700000,0.350000,1,4.000000,0.890000,0.866330,0.858635,0.874164,0.019000,285,15000,0.294150,0.239597,0.197001,0.455813,0.865408,0.856007,367149,60447,52851,367149
0.400000,0.700000,0.350000,5,4.000000,1.530000,0.866323,0.833111,0.902293,0.047667,715,15000,0.303674,0.246885,0.201319,0.478253,0.866916,0.863189,378963,75914,41037,378963
0.400000,0.700000,0.400000,1,4.000000,0.890000,0.866308,0.858625,0.874131,0.019000,285,15000,0.294189,0.239148,0.195868,0.457073,0.865278,0.856012,367135,60450,52865,367135
0.450000,0.700000,0.300000,1,1.500000,0.690000,0.866302,0.869929,0.862705,0.013267,199,15000,0.294223,0.240823,0.199562,0.453454,0.864837,0.854014,362336,54176,57664,362336
0.550000,0.500000,0.300000,2,2.500000,0.870000,0.866301,0.890311,0.843552,0.008800,132,15000,0.295255,0.243735,0.204279,0.454368,0.866162,0.854887,354292,43650,65708,354292
0.400000,0.500000,0.400000,2,2.500000,0.870000,0.866299,0.847111,0.886376,0.026800,402,15000,0.294234,0.239236,0.196087,0.456694,0.866585,0.864597,372278,67190,47722,372278
0.450000,0.700000,0.350000,1,1.500000,0.690000,0.866293,0.869933,0.862683,0.013267,199,15000,0.293342,0.239094,0.196791,0.453442,0.864889,0.854135,362327,54173,57673,362327
0.550000,0.500000,0.400000,2,2.500000,0.870000,0.866286,0.890316,0.843519,0.008800,132,15000,0.292741,0.239880,0.198584,0.452872,0.866114,0.854959,354278,43646,65722,354278
0.550000,0.500000,0.250000,2,2.500000,0.870000,0.866284,0.890250,0.843574,0.008800,132,15000,0.299048,0.248542,0.210481,0.457527,0.866142,0.854852,354301,43678,65699,354301
0.450000,0.600000,0.400000,1,1.500000,0.690000,0.866264,0.868902,0.863643,0.013267,199,15000,0.292749,0.238047,0.195172,0.452886,0.864838,0.854018,362730,54728,57270,362730
0.450000,0.600000,0.350000,1,1.500000,0.690000,0.866231,0.868866,0.863612,0.013267,199,15000,0.293022,0.238814,0.196572,0.452563,0.864948,0.853988,362717,54743,57283,362717
0.450000,0.700000,0.250000,1,1.500000,0.690000,0.866229,0.869815,0.862674,0.013267,199,15000,0.296942,0.244630,0.204655,0.455062,0.864628,0.853947,362323,54229,57677,362323
0.450000,0.600000,0.300000,1,1.500000,0.690000,0.866228,0.868847,0.863624,0.013267,199,15000,0.293917,0.240552,0.199312,0.452685,0.864903,0.853878,362722,54753,57278,362722
0.400000,0.600000,0.350000,1,4.000000,0.890000,0.866206,0.857473,0.875119,0.019000,285,15000,0.293883,0.239349,0.196834,0.455098,0.865363,0.855767,367550,61093,52450,367550
0.400000,0.700000,0.300000,1,4.000000,0.890000,0.866189,0.858456,0.874062,0.019000,285,15000,0.294832,0.241125,0.199568,0.455085,0.865329,0.855881,367106,60529,52894,367106
0.450000,0.500000,0.400000,1,1.500000,0.690000,0.866187,0.868729,0.863660,0.013267,199,15000,0.292761,0.238045,0.195177,0.452839,0.864596,0.853981,362737,54812,57263,362737
0.450000,0.500000,0.300000,1,1.500000,0.690000,0.866159,0.868686,0.863648,0.013267,199,15000,0.293933,0.240544,0.199305,0.452627,0.864690,0.853836,362732,54832,57268,362732
0.450000,0.600000,0.250000,1,1.500000,0.690000,0.866156,0.868731,0.863595,0.013267,199,15000,0.296625,0.244341,0.204398,0.454291,0.864716,0.853791,362710,54807,57290,362710
0.450000,0.500000,0.350000,1,1.500000,0.690000,0.866150,0.868689,0.863626,0.013267,199,15000,0.293030,0.238810,0.196574,0.452489,0.864741,0.853951,362723,54829,57277,362723
0.400000,0.600000,0.400000,1,4.000000,0.890000,0.866149,0.857438,0.875038,0.019000,285,15000,0.293897,0.238884,0.195689,0.456330,0.865255,0.855757,367516,61105,52484,367516
0.400000,0.700000,0.250000,1,4.000000,0.890000,0.866127,0.858374,0.874021,0.019000,285,15000,0.297368,0.244720,0.204403,0.456570,0.865129,0.855791,367089,60567,52911,367089
0.400000,0.500000,0.350000,1,4.000000,0.890000,0.866104,0.857273,0.875119,0.019000,285,15000,0.293906,0.239346,0.196816,0.455073,0.865166,0.855680,367550,61193,52450,367550
0.450000,0.500000,0.250000,1,1.500000,0.690000,0.866083,0.868569,0.863612,0.013267,199,15000,0.296626,0.244325,0.204386,0.454204,0.864473,0.853751,362717,54886,57283,362717
0.400000,0.500000,0.400000,1,4.000000,0.890000,0.866047,0.857238,0.875038,0.019000,285,15000,0.293919,0.238880,0.195670,0.456330,0.865031,0.855669,367516,61205,52484,367516
0.400000,0.600000,0.300000,1,4.000000,0.890000,0.866018,0.857257,0.874960,0.019000,285,15000,0.294597,0.240902,0.199387,0.454501,0.865278,0.855655,367483,61190,52517,367483
0.500000,0.700000,0.350000,1,4.000000,0.890000,0.865981,0.888009,0.845019,0.008733,131,15000,0.292576,0.239412,0.197825,0.453181,0.863655,0.846212,354908,44759,65092,354908
0.400000,0.600000,0.250000,1,4.000000,0.890000,0.865955,0.857182,0.874910,0.019000,285,15000,0.297192,0.244529,0.204217,0.456220,0.865104,0.855566,367462,61224,52538,367462
0.400000,0.500000,0.300000,1,4.000000,0.890000,0.865919,0.857063,0.874960,0.019000,285,15000,0.294605,0.240892,0.199369,0.454475,0.865089,0.855568,367483,61287,52517,367483
0.500000,0.700000,0.400000,1,4.000000,0.890000,0.865917,0.887982,0.844921,0.008733,131,15000,0.292311,0.238603,0.196356,0.453472,0.863344,0.846189,354867,44766,65133,354867
0.500000,0.600000,0.350000,1,4.000000,0.890000,0.865915,0.886790,0.846000,0.008733,131,15000,0.292303,0.239181,0.197646,0.452471,0.863799,0.846104,355320,45361,64680,355320
0.400000,0.600000,0.400000,4,4.000000,1.370000,0.865913,0.835767,0.898314,0.041133,617,15000,0.301347,0.244387,0.198770,0.474092,0.866916,0.863469,377292,74140,42708,377292
0.500000,0.700000,0.300000,1,4.000000,0.890000,0.865905,0.887881,0.844990,0.008733,131,15000,0.293638,0.241277,0.200734,0.453548,0.863599,0.846126,354896,44815,65104,354896
0.400000,0.700000,0.300000,3,2.500000,0.970000,0.865870,0.840813,0.892467,0.034267,514,15000,0.297514,0.243434,0.201421,0.460441,0.866561,0.863788,374836,70966,45164,374836
0.400000,0.500000,0.250000,1,4.000000,0.890000,0.865852,0.856986,0.874905,0.019000,285,15000,0.297190,0.244511,0.204190,0.456169,0.864886,0.855483,367460,61322,52540,367460
0.500000,0.500000,0.350000,1,4.000000,0.890000,0.865851,0.886621,0.846031,0.008733,131,15000,0.292297,0.239162,0.197616,0.452408,0.863512,0.846067,355333,45439,64667,355333
0.500000,0.600000,0.300000,1,4.000000,0.890000,0.865841,0.886669,0.845969,0.008733,131,15000,0.293367,0.241035,0.200507,0.452916,0.863745,0.846031,355307,45414,64693,355307
0.400000,0.700000,0.250000,3,2.500000,0.970000,0.865839,0.840783,0.892433,0.034267,514,15000,0.300238,0.247348,0.206734,0.462365,0.866663,0.863988,374822,70979,45178,374822
0.500000,0.600000,0.400000,1,4.000000,0.890000,0.865833,0.886735,0.845893,0.008733,131,15000,0.291996,0.238353,0.196161,0.452714,0.863533,0.846100,355275,45380,64725,355275
0.400000,0.700000,0.400000,3,2.500000,0.970000,0.865816,0.840800,0.892367,0.034267,514,15000,0.296547,0.241050,0.197182,0.462370,0.866527,0.863686,374794,70965,45206,374794
0.400000,0.700000,0.350000,3,2.500000,0.970000,0.865804,0.840796,0.892345,0.034267,514,15000,0.296488,0.241560,0.198478,0.460989,0.866549,0.863802,374785,70965,45215,374785
0.500000,0.500000,0.300000,1,4.000000,0.890000,0.865787,0.886515,0.846007,0.008733,131,15000,0.293375,0.241025,0.200476,0.452872,0.863463,0.845992,355323,45486,64677,355323
0.500000,0.700000,0.250000,1,4.000000,0.890000,0.865772,0.887704,0.844898,0.008733,131,15000,0.296198,0.244944,0.205832,0.454814,0.863239,0.846113,354857,44890,65143,354857
0.500000,0.500000,0.400000,1,4.000000,0.890000,0.865772,0.886571,0.845926,0.008733,131,15000,0.291991,0.238338,0.196140,0.452661,0.863193,0.846063,355289,45456,64711,355289
0.400000,0.700000,0.400000,5,4.000000,1.530000,0.865748,0.832573,0.901676,0.047667,715,15000,0.304194,0.246589,0.200171,0.480961,0.866566,0.862813,378704,76156,41296,378704
0.500000,0.600000,0.250000,1,4.000000,0.890000,0.865732,0.886517,0.845900,0.008733,131,15000,0.295953,0.244720,0.205614,0.454198,0.863444,0.846028,355278,45479,64722,355278
0.400000,0.500000,0.400000,4,4.000000,1.370000,0.865721,0.835451,0.898267,0.041133,617,15000,0.301302,0.244339,0.198739,0.473948,0.866824,0.863277,377272,74307,42728,377272
0.500000,0.500000,0.250000,1,4.000000,0.890000,0.865677,0.886362,0.845936,0.008733,131,15000,0.295936,0.244687,0.205571,0.454090,0.863112,0.845988,355293,45551,64707,355293
0.400000,0.600000,0.250000,5,4.000000,1.530000,0.865556,0.831355,0.902693,0.047667,715,15000,0.306680,0.252254,0.209770,0.477778,0.866531,0.862364,379131,76909,40869,379131
0.400000,0.600000,0.300000,5,4.000000,1.530000,0.865460,0.831253,0.902602,0.047667,715,15000,0.304243,0.248355,0.204040,0.476809,0.866356,0.862481,379093,76957,40907,379093
0.400000,0.500000,0.250000,5,4.000000,1.530000,0.865321,0.830987,0.902614,0.047667,715,15000,0.306575,0.252170,0.209701,0.477542,0.866357,0.862178,379098,77104,40902,379098
0.400000,0.600000,0.350000,5,4.000000,1.530000,0.865278,0.831078,0.902414,0.047667,715,15000,0.303472,0.246618,0.201022,0.477479,0.866067,0.862247,379014,77037,40986,379014
0.400000,0.600000,0.300000,3,2.500000,0.970000,0.865188,0.839154,0.892888,0.034267,514,15000,0.297133,0.243070,0.201130,0.459360,0.866013,0.863201,375013,71881,44987,375013
0.400000,0.600000,0.250000,3,2.500000,0.970000,0.865183,0.839138,0.892895,0.034267,514,15000,0.299850,0.246995,0.206435,0.461198,0.866124,0.863421,375016,71890,44984,375016
0.400000,0.500000,0.300000,5,4.000000,1.530000,0.865180,0.830830,0.902493,0.047667,715,15000,0.304136,0.248272,0.203985,0.476641,0.866163,0.862275,379047,77180,40953,379047
0.400000,0.600000,0.350000,3,2.500000,0.970000,0.865154,0.839199,0.892764,0.034267,514,15000,0.296137,0.241232,0.198218,0.459956,0.865975,0.863170,374961,71847,45039,374961
0.400000,0.600000,0.400000,3,2.500000,0.970000,0.865139,0.839147,0.892793,0.034267,514,15000,0.296216,0.240735,0.196954,0.461272,0.865971,0.863019,374973,71877,45027,374973
0.550000,0.700000,0.350000,2,1.500000,0.750000,0.865110,0.888237,0.843157,0.008800,132,15000,0.293964,0.241398,0.200732,0.453480,0.865334,0.854310,354126,44558,65874,354126
0.400000,0.500000,0.350000,5,4.000000,1.530000,0.865106,0.830776,0.902395,0.047667,715,15000,0.303449,0.246582,0.200985,0.477364,0.865892,0.862057,379006,77201,40994,379006
0.550000,0.700000,0.400000,2,1.500000,0.750000,0.865098,0.888233,0.843138,0.008800,132,15000,0.293275,0.240130,0.198703,0.453397,0.865369,0.854447,354118,44559,65882,354118
0.400000,0.700000,0.400000,2,1.500000,0.750000,0.865068,0.845677,0.885369,0.026800,402,15000,0.294389,0.239311,0.196109,0.456299,0.865581,0.863686,371855,67858,48145,371855
0.400000,0.700000,0.350000,2,1.500000,0.750000,0.865055,0.845665,0.885355,0.026800,402,15000,0.294425,0.239892,0.197442,0.455612,0.865506,0.863649,371849,67863,48151,371849
0.550000,0.700000,0.300000,2,1.500000,0.750000,0.865047,0.888146,0.843119,0.008800,132,15000,0.295690,0.243952,0.204401,0.454699,0.865303,0.854293,354110,44597,65890,354110
0.400000,0.500000,0.250000,3,2.500000,0.970000,0.865040,0.838876,0.892888,0.034267,514,15000,0.299774,0.246943,0.206425,0.460999,0.866061,0.863284,375013,72029,44987,375013
0.550000,0.700000,0.250000,2,1.500000,0.750000,0.865038,0.888086,0.843157,0.008800,132,15000,0.299389,0.248771,0.210775,0.457751,0.865316,0.854237,354126,44626,65874,354126
0.400000,0.500000,0.300000,3,2.500000,0.970000,0.865034,0.838881,0.892869,0.034267,514,15000,0.297095,0.243039,0.201120,0.459217,0.865925,0.863058,375005,72025,44995,375005
0.400000,0.500000,0.350000,3,2.500000,0.970000,0.865008,0.838917,0.892774,0.034267,514,15000,0.296119,0.241204,0.198187,0.459888,0.865893,0.863056,374965,71998,45035,374965
0.400000,0.500000,0.400000,3,2.500000,0.970000,0.865008,0.838879,0.892817,0.034267,514,15000,0.296209,0.240712,0.196926,0.461224,0.865893,0.862902,374983,72022,45017,374983
0.400000,0.700000,0.250000,2,1.500000,0.750000,0.865005,0.845518,0.885412,0.026800,402,15000,0.298255,0.245648,0.205574,0.456609,0.865581,0.863551,371873,67944,48127,371873
0.400000,0.700000,0.300000,2,1.500000,0.750000,0.864925,0.845503,0.885260,0.026800,402,15000,0.295452,0.241710,0.200256,0.455083,0.865481,0.863605,371809,67940,48191,371809
0.400000,0.700000,0.400000,1,2.500000,0.770000,0.864862,0.856002,0.873907,0.019000,285,15000,0.293916,0.238810,0.195533,0.455793,0.864260,0.855365,367041,61744,52959,367041
0.400000,0.700000,0.350000,1,2.500000,0.770000,0.864852,0.856035,0.873852,0.019000,285,15000,0.293971,0.239374,0.196723,0.454897,0.864311,0.855294,367018,61724,52982,367018
0.400000,0.700000,0.300000,1,2.500000,0.770000,0.864818,0.855976,0.873845,0.019000,285,15000,0.294869,0.241017,0.199244,0.454596,0.864256,0.855256,367015,61753,52985,367015
0.550000,0.600000,0.350000,2,1.500000,0.750000,0.864807,0.886824,0.843857,0.008800,132,15000,0.293558,0.241105,0.200542,0.452625,0.865076,0.854045,354420,45231,65580,354420
0.550000,0.600000,0.400000,2,1.500000,0.750000,0.864784,0.886793,0.843840,0.008800,132,15000,0.292811,0.239795,0.198502,0.452393,0.865094,0.854162,354413,45244,65587,354413
0.550000,0.600000,0.250000,2,1.500000,0.750000,0.864764,0.886709,0.843879,0.008800,132,15000,0.299013,0.248490,0.210565,0.456941,0.865077,0.853986,354429,45284,65571,354429
0.400000,0.700000,0.300000,6,4.000000,1.690000,0.864763,0.828191,0.904714,0.053800,807,15000,0.307130,0.250547,0.205246,0.483278,0.865983,0.861327,379980,78827,40020,379980
0.550000,0.600000,0.300000,2,1.500000,0.750000,0.864758,0.886736,0.843843,0.008800,132,15000,0.295310,0.243673,0.204218,0.453915,0.865049,0.853996,354414,45270,65586,354414
0.400000,0.600000,0.250000,2,1.500000,0.750000,0.864745,0.844362,0.886136,0.026800,402,15000,0.297895,0.245320,0.205312,0.455926,0.865292,0.863405,372177,68602,47823,372177
0.400000,0.600000,0.400000,2,1.500000,0.750000,0.864745,0.844459,0.886029,0.026800,402,15000,0.294076,0.239023,0.195904,0.455542,0.865258,0.863019,372132,68543,47868,372132
0.400000,0.600000,0.350000,2,1.500000,0.750000,0.864744,0.844467,0.886019,0.026800,402,15000,0.294089,0.239592,0.197223,0.454933,0.865211,0.863170,372128,68538,47872,372128
0.550000,0.500000,0.350000,2,1.500000,0.750000,0.864744,0.886665,0.843881,0.008800,132,15000,0.293576,0.241105,0.200524,0.452652,0.865023,0.853996,354430,45304,65570,354430
0.400000,0.700000,0.250000,6,4.000000,1.690000,0.864737,0.828162,0.904690,0.053800,807,15000,0.309229,0.254218,0.211004,0.483605,0.866315,0.861271,379970,78841,40030,379970
0.550000,0.500000,0.400000,2,1.500000,0.750000,0.864721,0.886634,0.843864,0.008800,132,15000,0.292824,0.239792,0.198486,0.452408,0.865047,0.854114,354423,45317,65577,354423
0.400000,0.600000,0.300000,2,1.500000,0.750000,0.864719,0.844400,0.886040,0.026800,402,15000,0.295128,0.241400,0.199994,0.454376,0.865192,0.863201,372137,68575,47863,372137
0.400000,0.600000,0.350000,1,2.500000,0.770000,0.864715,0.854911,0.874745,0.019000,285,15000,0.293726,0.239137,0.196546,0.454272,0.864225,0.855078,367393,62351,52607,367393
0.400000,0.600000,0.400000,1,2.500000,0.770000,0.864712,0.854890,0.874762,0.019000,285,15000,0.293661,0.238569,0.195359,0.455108,0.864174,0.855124,367400,62363,52600,367400
0.400000,0.700000,0.250000,1,2.500000,0.770000,0.864711,0.855841,0.873767,0.019000,285,15000,0.297456,0.244676,0.204183,0.456188,0.864136,0.855190,366982,61815,53018,366982
0.500000,0.700000,0.400000,1,2.500000,0.770000,0.864700,0.885095,0.845224,0.008733,131,15000,0.291929,0.238240,0.196096,0.452576,0.862652,0.845787,354994,46086,65006,354994
0.500000,0.700000,0.350000,1,2.500000,0.770000,0.864697,0.885106,0.845207,0.008733,131,15000,0.292285,0.239111,0.197592,0.452309,0.862848,0.845799,354987,46080,65013,354987
0.550000,0.500000,0.250000,2,1.500000,0.750000,0.864696,0.886545,0.843898,0.008800,132,15000,0.299020,0.248481,0.210537,0.456917,0.865036,0.853933,354437,45359,65563,354437
0.400000,0.600000,0.300000,1,2.500000,0.770000,0.864692,0.854874,0.874738,0.019000,285,15000,0.294599,0.240758,0.199028,0.454049,0.864173,0.855033,367390,62369,52610,367390
0.550000,0.500000,0.300000,2,1.500000,0.750000,0.864690,0.886571,0.843862,0.008800,132,15000,0.295319,0.243665,0.204195,0.453903,0.864999,0.853943,354422,45345,65578,354422
0.500000,0.700000,0.300000,1,2.500000,0.770000,0.864661,0.885087,0.845157,0.008733,131,15000,0.293506,0.241074,0.200495,0.452762,0.862807,0.845705,354966,46086,65034,354966
0.400000,0.600000,0.400000,5,4.000000,1.530000,0.864657,0.830458,0.901793,0.047667,715,15000,0.303987,0.246296,0.199817,0.480293,0.865691,0.861863,378753,77324,41247,378753
0.500000,0.600000,0.400000,1,2.500000,0.770000,0.864630,0.883891,0.846190,0.008733,131,15000,0.291611,0.237987,0.195888,0.451894,0.862759,0.845678,355400,46686,64600,355400
0.400000,0.500000,0.400000,2,1.500000,0.750000,0.864624,0.844229,0.886029,0.026800,402,15000,0.294063,0.239000,0.195881,0.455476,0.865205,0.862902,372132,68663,47868,372132
0.400000,0.500000,0.350000,2,1.500000,0.750000,0.864620,0.844235,0.886014,0.026800,402,15000,0.294072,0.239567,0.197197,0.454842,0.865146,0.863056,372126,68659,47874,372126
0.500000,0.600000,0.350000,1,2.500000,0.770000,0.864616,0.883896,0.846160,0.008733,131,15000,0.291982,0.238859,0.197389,0.451563,0.862924,0.845681,355387,46682,64613,355387
0.400000,0.500000,0.250000,2,1.500000,0.750000,0.864615,0.844130,0.886119,0.026800,402,15000,0.297855,0.245287,0.205296,0.455827,0.865250,0.863284,372170,68722,47830,372170
0.400000,0.500000,0.350000,1,2.500000,0.770000,0.864605,0.854703,0.874738,0.019000,285,15000,0.293739,0.239128,0.196525,0.454226,0.864078,0.855002,367390,62455,52610,367390
0.500000,0.700000,0.250000,1,2.500000,0.770000,0.864603,0.884978,0.845145,0.008733,131,15000,0.296365,0.244903,0.205630,0.454529,0.862546,0.845607,354961,46135,65039,354961
0.400000,0.500000,0.400000,1,2.500000,0.770000,0.864597,0.854677,0.874750,0.019000,285,15000,0.293668,0.238556,0.195337,0.455071,0.864014,0.855048,367395,62469,52605,367395
0.400000,0.500000,0.300000,2,1.500000,0.750000,0.864592,0.844169,0.886026,0.026800,402,15000,0.295096,0.241368,0.199970,0.454269,0.865136,0.863058,372131,68694,47869,372131
0.400000,0.500000,0.300000,1,2.500000,0.770000,0.864584,0.854672,0.874729,0.019000,285,15000,0.294604,0.240743,0.199003,0.453998,0.864026,0.854955,367386,62470,52614,367386
0.500000,0.600000,0.300000,1,2.500000,0.770000,0.864579,0.883876,0.846107,0.008733,131,15000,0.293202,0.240817,0.200255,0.452175,0.862884,0.845596,355365,46688,64635,355365
0.400000,0.600000,0.250000,1,2.500000,0.770000,0.864577,0.854738,0.874645,0.019000,285,15000,0.297234,0.244442,0.203952,0.455816,0.864066,0.854961,367351,62431,52649,367351
0.500000,0.500000,0.400000,1,2.500000,0.770000,0.864574,0.883734,0.846226,0.008733,131,15000,0.291601,0.237970,0.195871,0.451831,0.862499,0.845641,355415,46759,64585,355415
0.500000,0.500000,0.350000,1,2.500000,0.770000,0.864556,0.883735,0.846193,0.008733,131,15000,0.291969,0.238838,0.197361,0.451498,0.862700,0.845644,355401,46757,64599,355401
0.400000,0.700000,0.250000,4,2.500000,1.070000,0.864555,0.834246,0.897150,0.041133,617,15000,0.301976,0.248781,0.207847,0.466468,0.865701,0.862169,376803,74866,43197,376803
0.500000,0.600000,0.250000,1,2.500000,0.770000,0.864547,0.883796,0.846119,0.008733,131,15000,0.296074,0.244653,0.205401,0.453892,0.862669,0.845506,355370,46725,64630,355370
0.400000,0.700000,0.350000,4,2.500000,1.070000,0.864525,0.834278,0.897048,0.041133,617,15000,0.298098,0.242815,0.199314,0.464654,0.865447,0.862074,376760,74840,43240,376760
0.500000,0.500000,0.300000,1,2.500000,0.770000,0.864520,0.883715,0.846140,0.008733,131,15000,0.293192,0.240794,0.200218,0.452109,0.862661,0.845559,355379,46763,64621,355379
0.400000,0.700000,0.300000,4,2.500000,1.070000,0.864512,0.834224,0.897081,0.041133,617,15000,0.298944,0.244587,0.202215,0.463878,0.865555,0.862093,376774,74872,43226,376774
0.500000,0.500000,0.250000,1,2.500000,0.770000,0.864493,0.883640,0.846157,0.008733,131,15000,0.296058,0.244622,0.205359,0.453791,0.862409,0.845467,355386,46798,64614,355386
0.400000,0.500000,0.250000,1,2.500000,0.770000,0.864475,0.854541,0.874643,0.019000,285,15000,0.297235,0.244424,0.203924,0.455755,0.863912,0.854886,367350,62530,52650,367350
0.400000,0.500000,0.400000,5,4.000000,1.530000,0.864457,0.830124,0.901752,0.047667,715,15000,0.303943,0.246252,0.199786,0.480178,0.865550,0.861652,378736,77504,41264,378736
0.400000,0.700000,0.350000,6,4.000000,1.690000,0.864307,0.827748,0.904245,0.053800,807,15000,0.306334,0.248756,0.202188,0.484348,0.865607,0.861021,379783,79032,40217,379783
0.400000,0.700000,0.400000,4,2.500000,1.070000,0.864272,0.833998,0.896826,0.041133,617,15000,0.298460,0.242422,0.197974,0.466749,0.865363,0.861949,376667,74973,43333,376667
0.400000,0.700000,0.250000,3,1.500000,0.810000,0.863988,0.837805,0.891860,0.034267,514,15000,0.299614,0.246967,0.206648,0.460094,0.865012,0.862169,374581,72517,45419,374581
0.400000,0.700000,0.350000,3,1.500000,0.810000,0.863802,0.837631,0.891662,0.034267,514,15000,0.295799,0.241044,0.198209,0.458705,0.864800,0.862074,374498,72594,45502,374498
0.400000,0.700000,0.300000,3,1.500000,0.810000,0.863788,0.837601,0.891664,0.034267,514,15000,0.296783,0.242935,0.201204,0.458440,0.864820,0.862093,374499,72610,45501,374499
0.500000,0.700000,0.400000,1,1.500000,0.690000,0.863760,0.882748,0.845571,0.008733,131,15000,0.292381,0.238358,0.195942,0.452845,0.861569,0.845482,355140,47172,64860,355140
0.400000,0.700000,0.400000,1,1.500000,0.690000,0.863722,0.853772,0.873907,0.019000,285,15000,0.294222,0.238889,0.195416,0.456021,0.863175,0.855007,367041,62864,52959,367041
0.500000,0.700000,0.350000,1,1.500000,0.690000,0.863698,0.882675,0.845519,0.008733,131,15000,0.292592,0.239169,0.197411,0.452478,0.861776,0.845508,355118,47202,64882,355118
0.400000,0.700000,0.400000,3,1.500000,0.810000,0.863686,0.837548,0.891510,0.034267,514,15000,0.295720,0.240458,0.196972,0.459446,0.864877,0.861949,374434,72626,45566,374434
0.500000,0.600000,0.400000,1,1.500000,0.690000,0.863675,0.881598,0.846467,0.008733,131,15000,0.292006,0.238073,0.195727,0.452082,0.861693,0.845331,355516,47747,64484,355516
0.400000,0.600000,0.300000,6,4.000000,1.690000,0.863675,0.826169,0.904748,0.053800,807,15000,0.307039,0.250382,0.205005,0.483168,0.864993,0.860298,379994,79953,40006,379994
0.400000,0.600000,0.300000,4,2.500000,1.070000,0.863666,0.832401,0.897371,0.041133,617,15000,0.298728,0.244331,0.201945,0.463119,0.864796,0.861248,376896,75886,43104,376896
0.400000,0.600000,0.250000,4,2.500000,1.070000,0.863655,0.832373,0.897381,0.041133,617,15000,0.301763,0.248566,0.207607,0.465741,0.864946,0.861371,376900,75902,43100,376900
0.400000,0.700000,0.400000,6,4.000000,1.690000,0.863651,0.827185,0.903481,0.053800,807,15000,0.306739,0.248329,0.200845,0.486457,0.865308,0.860513,379462,79277,40538,379462
0.400000,0.700000,0.350000,1,1.500000,0.690000,0.863649,0.853686,0.873848,0.019000,285,15000,0.294277,0.239446,0.196579,0.455146,0.863203,0.854926,367016,62903,52984,367016
0.500000,0.700000,0.300000,1,1.500000,0.690000,0.863640,0.882590,0.845486,0.008733,131,15000,0.293721,0.241102,0.200312,0.452837,0.861728,0.845385,355104,47239,64896,355104
0.500000,0.500000,0.400000,1,1.500000,0.690000,0.863616,0.881439,0.846500,0.008733,131,15000,0.291995,0.238054,0.195706,0.452014,0.861391,0.845292,355530,47822,64470,355530
0.400000,0.600000,0.350000,4,2.500000,1.070000,0.863613,0.832365,0.897298,0.041133,617,15000,0.297827,0.242527,0.199031,0.463712,0.864715,0.861218,376865,75899,43135,376865
0.400000,0.600000,0.250000,6,4.000000,1.690000,0.863613,0.826095,0.904700,0.053800,807,15000,0.309043,0.254034,0.210772,0.483258,0.865271,0.860103,379974,79990,40026,379974
0.400000,0.700000,0.300000,1,1.500000,0.690000,0.863605,0.853627,0.873819,0.019000,285,15000,0.295150,0.241129,0.199200,0.454948,0.863143,0.854826,367004,62931,52996,367004
0.500000,0.600000,0.350000,1,1.500000,0.690000,0.863602,0.881520,0.846398,0.008733,131,15000,0.292227,0.238880,0.197193,0.451652,0.861850,0.845336,355487,47779,64513,355487
0.400000,0.600000,0.400000,1,1.500000,0.690000,0.863582,0.852747,0.874695,0.019000,285,15000,0.294005,0.238670,0.195231,0.455518,0.863098,0.854759,367372,63438,52628,367372
0.500000,0.700000,0.250000,1,1.500000,0.690000,0.863565,0.882419,0.845500,0.008733,131,15000,0.296538,0.244922,0.205487,0.454637,0.861438,0.845297,355110,47318,64890,355110
0.400000,0.700000,0.250000,1,1.500000,0.690000,0.863551,0.853480,0.873862,0.019000,285,15000,0.297857,0.244910,0.204314,0.456824,0.863042,0.854786,367022,63008,52978,367022
0.500000,0.600000,0.300000,1,1.500000,0.690000,0.863539,0.881438,0.846352,0.008733,131,15000,0.293365,0.240816,0.200072,0.452168,0.861800,0.845248,355468,47814,64532,355468
0.500000,0.500000,0.350000,1,1.500000,0.690000,0.863537,0.881351,0.846429,0.008733,131,15000,0.292212,0.238855,0.197160,0.451577,0.861598,0.845297,355500,47858,64500,355500
0.400000,0.600000,0.350000,1,1.500000,0.690000,0.863524,0.852669,0.874660,0.019000,285,15000,0.294055,0.239222,0.196394,0.454597,0.863116,0.854699,367357,63475,52643,367357
0.400000,0.500000,0.250000,4,2.500000,1.070000,0.863522,0.832118,0.897388,0.041133,617,15000,0.301675,0.248506,0.207587,0.465489,0.864878,0.861241,376903,76041,43097,376903
0.400000,0.500000,0.300000,4,2.500000,1.070000,0.863507,0.832122,0.897352,0.041133,617,15000,0.298673,0.244285,0.201922,0.462916,0.864693,0.861070,376888,76036,43112,376888
0.400000,0.500000,0.400000,1,1.500000,0.690000,0.863477,0.852545,0.874693,0.019000,285,15000,0.294017,0.238659,0.195206,0.455507,0.862938,0.854675,367371,63540,52629,367371
0.500000,0.500000,0.300000,1,1.500000,0.690000,0.863472,0.881267,0.846381,0.008733,131,15000,0.293351,0.240791,0.200033,0.452087,0.861550,0.845207,355480,47894,64520,355480
0.400000,0.600000,0.300000,1,1.500000,0.690000,0.863471,0.852602,0.874621,0.019000,285,15000,0.294910,0.240895,0.198996,0.454469,0.863071,0.854617,367341,63506,52659,367341
0.400000,0.600000,0.400000,4,2.500000,1.070000,0.863469,0.832190,0.897190,0.041133,617,15000,0.298224,0.242158,0.197711,0.466021,0.864605,0.861080,376820,75985,43180,376820
0.500000,0.600000,0.250000,1,1.500000,0.690000,0.863463,0.881257,0.846374,0.008733,131,15000,0.296173,0.244638,0.205269,0.453889,0.861565,0.845169,355477,47898,64523,355477
0.400000,0.700000,0.300000,5,2.500000,1.170000,0.863445,0.828815,0.901095,0.047667,715,15000,0.301043,0.246224,0.203180,0.468730,0.864327,0.860337,378460,78168,41540,378460
0.400000,0.500000,0.350000,4,2.500000,1.070000,0.863439,0.832060,0.897276,0.041133,617,15000,0.297767,0.242473,0.198988,0.463527,0.864609,0.861056,376856,76063,43144,376856
0.400000,0.500000,0.350000,1,1.500000,0.690000,0.863424,0.852471,0.874662,0.019000,285,15000,0.294064,0.239211,0.196370,0.454548,0.862974,0.854618,367358,63575,52642,367358
0.400000,0.600000,0.250000,3,1.500000,0.810000,0.863421,0.836339,0.892314,0.034267,514,15000,0.299268,0.246626,0.206331,0.459283,0.864482,0.861371,374772,73338,45228,374772
0.400000,0.600000,0.250000,1,1.500000,0.690000,0.863405,0.852441,0.874655,0.019000,285,15000,0.297679,0.244706,0.204104,0.456504,0.862972,0.854562,367355,63590,52645,367355
0.500000,0.500000,0.250000,1,1.500000,0.690000,0.863400,0.881093,0.846405,0.008733,131,15000,0.296145,0.244599,0.205223,0.453780,0.861271,0.845128,355490,47975,64510,355490
0.400000,0.500000,0.300000,1,1.500000,0.690000,0.863374,0.852410,0.874624,0.019000,285,15000,0.294909,0.240876,0.198969,0.454412,0.862931,0.854534,367342,63603,52658,367342
0.400000,0.700000,0.250000,5,2.500000,1.170000,0.863345,0.828734,0.900974,0.047667,715,15000,0.303685,0.250198,0.208803,0.470684,0.864507,0.860394,378409,78202,41591,378409
0.400000,0.500000,0.300000,6,4.000000,1.690000,0.863334,0.825668,0.904600,0.053800,807,15000,0.306883,0.250263,0.204930,0.482887,0.864842,0.859980,379932,80219,40068,379932
0.400000,0.500000,0.250000,6,4.000000,1.690000,0.863314,0.825647,0.904581,0.053800,807,15000,0.308890,0.253911,0.210674,0.482921,0.865196,0.859836,379924,80229,40076,379924
0.400000,0.500000,0.250000,1,1.500000,0.690000,0.863310,0.852251,0.874660,0.019000,285,15000,0.297677,0.244687,0.204076,0.456445,0.862821,0.854485,367357,63686,52643,367357
0.400000,0.500000,0.250000,3,1.500000,0.810000,0.863284,0.836084,0.892314,0.034267,514,15000,0.299202,0.246577,0.206307,0.459125,0.864460,0.861241,374772,73475,45228,374772
0.400000,0.500000,0.400000,4,2.500000,1.070000,0.863277,0.831868,0.897150,0.041133,617,15000,0.298162,0.242101,0.197673,0.465844,0.864522,0.860909,376803,76157,43197,376803
0.400000,0.600000,0.300000,3,1.500000,0.810000,0.863201,0.836111,0.892105,0.034267,514,15000,0.296370,0.242570,0.200922,0.457462,0.864270,0.861248,374684,73443,45316,374684
0.400000,0.700000,0.350000,5,2.500000,1.170000,0.863189,0.828591,0.900802,0.047667,715,15000,0.300091,0.244326,0.200057,0.469485,0.864134,0.860283,378337,78266,41663,378337
0.400000,0.600000,0.350000,6,4.000000,1.690000,0.863189,0.825696,0.904248,0.053800,807,15000,0.306324,0.248657,0.201972,0.484224,0.864633,0.860091,379784,80172,40216,379784
0.400000,0.600000,0.350000,3,1.500000,0.810000,0.863170,0.836119,0.892031,0.034267,514,15000,0.295321,0.240652,0.197914,0.457725,0.864230,0.861218,374653,73433,45347,374653
0.400000,0.500000,0.300000,3,1.500000,0.810000,0.863058,0.835849,0.892098,0.034267,514,15000,0.296322,0.242531,0.200903,0.457298,0.864228,0.861070,374681,73583,45319,374681
0.400000,0.500000,0.350000,3,1.500000,0.810000,0.863056,0.835871,0.892069,0.034267,514,15000,0.295301,0.240623,0.197883,0.457667,0.864184,0.861056,374669,73569,45331,374669
0.400000,0.600000,0.400000,3,1.500000,0.810000,0.863019,0.835972,0.891876,0.034267,514,15000,0.295257,0.240088,0.196714,0.458450,0.864273,0.861080,374588,73499,45412,374588
0.400000,0.500000,0.350000,6,4.000000,1.690000,0.862962,0.825336,0.904183,0.053800,807,15000,0.306272,0.248597,0.201917,0.484046,0.864523,0.859860,379757,80367,40243,379757
0.400000,0.500000,0.400000,3,1.500000,0.810000,0.862902,0.835720,0.891912,0.034267,514,15000,0.295245,0.240061,0.196681,0.458415,0.864267,0.860909,374603,73637,45397,374603
0.400000,0.700000,0.400000,5,2.500000,1.170000,0.862813,0.828235,0.900402,0.047667,715,15000,0.300031,0.243692,0.198746,0.470651,0.863958,0.860352,378169,78427,41831,378169
0.400000,0.600000,0.400000,6,4.000000,1.690000,0.862522,0.825068,0.903538,0.053800,807,15000,0.306661,0.248177,0.200621,0.486247,0.864285,0.859631,379486,80459,40514,379486
0.400000,0.600000,0.300000,5,2.500000,1.170000,0.862481,0.826949,0.901205,0.047667,715,15000,0.300874,0.245994,0.202907,0.467997,0.863470,0.859517,378506,79208,41494,378506
0.400000,0.600000,0.250000,5,2.500000,1.170000,0.862364,0.826843,0.901074,0.047667,715,15000,0.303600,0.250061,0.208601,0.470271,0.863608,0.859524,378451,79255,41549,378451
0.400000,0.500000,0.300000,5,2.500000,1.170000,0.862275,0.826612,0.901155,0.047667,715,15000,0.300803,0.245930,0.202867,0.467763,0.863311,0.859299,378485,79390,41515,378485
0.400000,0.500000,0.400000,6,4.000000,1.690000,0.862270,0.824683,0.903448,0.053800,807,15000,0.306591,0.248109,0.200580,0.486026,0.864257,0.859388,379448,80666,40552,379448
0.400000,0.600000,0.350000,5,2.500000,1.170000,0.862247,0.826733,0.900950,0.047667,715,15000,0.299950,0.244129,0.199821,0.468846,0.863292,0.859491,378399,79305,41601,378399
0.400000,0.500000,0.250000,5,2.500000,1.170000,0.862178,0.826526,0.901045,0.047667,715,15000,0.303510,0.249991,0.208566,0.470003,0.863498,0.859338,378439,79428,41561,378439
0.400000,0.700000,0.250000,4,1.500000,0.870000,0.862169,0.830736,0.896074,0.041133,617,15000,0.300937,0.247994,0.207382,0.463071,0.863717,0.860394,376351,76682,43649,376351
0.400000,0.700000,0.300000,4,1.500000,0.870000,0.862093,0.830716,0.895933,0.041133,617,15000,0.297824,0.243766,0.201893,0.460132,0.863476,0.860337,376292,76681,43708,376292
0.400000,0.700000,0.350000,4,1.500000,0.870000,0.862074,0.830756,0.895845,0.041133,617,15000,0.296916,0.241909,0.198942,0.460716,0.863430,0.860283,376255,76652,43745,376255
0.400000,0.500000,0.350000,5,2.500000,1.170000,0.862057,0.826415,0.900912,0.047667,715,15000,0.299901,0.244079,0.199788,0.468645,0.863157,0.859279,378383,79478,41617,378383
0.400000,0.700000,0.400000,4,1.500000,0.870000,0.861949,0.830634,0.895717,0.041133,617,15000,0.296667,0.241179,0.197506,0.461482,0.863494,0.860352,376201,76707,43799,376201
0.400000,0.600000,0.400000,5,2.500000,1.170000,0.861863,0.826328,0.900593,0.047667,715,15000,0.299811,0.243428,0.198453,0.470115,0.863108,0.859508,378249,79498,41751,378249
0.400000,0.500000,0.400000,5,2.500000,1.170000,0.861652,0.825990,0.900533,0.047667,715,15000,0.299755,0.243373,0.198417,0.469931,0.862999,0.859289,378224,79680,41776,378224
0.400000,0.600000,0.250000,4,1.500000,0.870000,0.861371,0.829041,0.896324,0.041133,617,15000,0.300730,0.247765,0.207102,0.462319,0.862965,0.859524,376456,77630,43544,376456
0.400000,0.700000,0.300000,6,2.500000,1.270000,0.861327,0.823202,0.903155,0.053800,807,15000,0.302550,0.247373,0.203934,0.472558,0.862896,0.857913,379325,81467,40675,379325
0.400000,0.700000,0.250000,6,2.500000,1.270000,0.861271,0.823138,0.903110,0.053800,807,15000,0.305537,0.251576,0.209729,0.474786,0.863164,0.857823,379306,81499,40694,379306
0.400000,0.600000,0.300000,4,1.500000,0.870000,0.861248,0.828995,0.896112,0.041133,617,15000,0.297527,0.243461,0.201588,0.459291,0.862727,0.859517,376367,77637,43633,376367
0.400000,0.500000,0.250000,4,1.500000,0.870000,0.861241,0.828790,0.896338,0.041133,617,15000,0.300662,0.247714,0.207082,0.462073,0.862973,0.859338,376462,77769,43538,376462
0.400000,0.600000,0.350000,4,1.500000,0.870000,0.861218,0.829005,0.896036,0.041133,617,15000,0.296527,0.241558,0.198642,0.459683,0.862668,0.859491,376335,77625,43665,376335
0.400000,0.600000,0.400000,4,1.500000,0.870000,0.861080,0.828856,0.895912,0.041133,617,15000,0.296343,0.240868,0.197223,0.460604,0.862719,0.859508,376283,77696,43717,376283
0.400000,0.500000,0.300000,4,1.500000,0.870000,0.861070,0.828695,0.896076,0.041133,617,15000,0.297479,0.243420,0.201568,0.459081,0.862691,0.859299,376352,77798,43648,376352
0.400000,0.500000,0.350000,4,1.500000,0.870000,0.861056,0.828713,0.896026,0.041133,617,15000,0.296513,0.241531,0.198608,0.459601,0.862618,0.859279,376331,77784,43669,376331
0.400000,0.700000,0.350000,6,2.500000,1.270000,0.861021,0.822948,0.902788,0.053800,807,15000,0.301431,0.245371,0.200786,0.472913,0.862590,0.857738,379171,81576,40829,379171
0.400000,0.500000,0.400000,4,1.500000,0.870000,0.860909,0.828555,0.895893,0.041133,617,15000,0.296320,0.240835,0.197188,0.460505,0.862714,0.859289,376275,77859,43725,376275
0.400000,0.700000,0.400000,6,2.500000,1.270000,0.860513,0.822455,0.902264,0.053800,807,15000,0.301627,0.244863,0.199452,0.474030,0.862399,0.857448,378951,81805,41049,378951
0.400000,0.700000,0.250000,5,1.500000,0.930000,0.860394,0.824722,0.899290,0.047667,715,15000,0.302622,0.249367,0.208502,0.466354,0.862107,0.857823,377702,80273,42298,377702
0.400000,0.700000,0.400000,5,1.500000,0.930000,0.860352,0.824785,0.899124,0.047667,715,15000,0.298377,0.242465,0.198246,0.465911,0.861834,0.857448,377632,80223,42368,377632
0.400000,0.700000,0.300000,5,1.500000,0.930000,0.860337,0.824720,0.899169,0.047667,715,15000,0.299364,0.245003,0.202712,0.463715,0.861882,0.857913,377651,80263,42349,377651
0.400000,0.600000,0.300000,6,2.500000,1.270000,0.860298,0.821233,0.903264,0.053800,807,15000,0.302387,0.247160,0.203668,0.472248,0.861904,0.856942,379371,82582,40629,379371
0.400000,0.700000,0.350000,5,1.500000,0.930000,0.860283,0.824715,0.899057,0.047667,715,15000,0.298343,0.243035,0.199602,0.464352,0.861776,0.857738,377604,80256,42396,377604
0.400000,0.600000,0.250000,6,2.500000,1.270000,0.860103,0.821049,0.903060,0.053800,807,15000,0.305351,0.251373,0.209484,0.474509,0.862122,0.856843,379285,82667,40715,379285
0.400000,0.600000,0.350000,6,2.500000,1.270000,0.860091,0.821097,0.902974,0.053800,807,15000,0.301402,0.245249,0.200572,0.472657,0.861642,0.856760,379249,82632,40751,379249
0.400000,0.500000,0.300000,6,2.500000,1.270000,0.859980,0.820759,0.903138,0.053800,807,15000,0.302281,0.247065,0.203595,0.472001,0.861796,0.856680,379318,82837,40682,379318
0.400000,0.500000,0.350000,6,2.500000,1.270000,0.859860,0.820723,0.902917,0.053800,807,15000,0.301350,0.245186,0.200520,0.472403,0.861554,0.856533,379225,82837,40775,379225
0.400000,0.500000,0.250000,6,2.500000,1.270000,0.859836,0.820636,0.902969,0.053800,807,15000,0.305252,0.251277,0.209399,0.474224,0.862071,0.856581,379247,82891,40753,379247
0.400000,0.600000,0.400000,6,2.500000,1.270000,0.859631,0.820610,0.902548,0.053800,807,15000,0.301647,0.244764,0.199243,0.473888,0.861428,0.856496,379070,82867,40930,379070
0.400000,0.600000,0.250000,5,1.500000,0.930000,0.859524,0.822951,0.899498,0.047667,715,15000,0.302485,0.249198,0.208288,0.465938,0.861240,0.856843,377789,81277,42211,377789
0.400000,0.600000,0.300000,5,1.500000,0.930000,0.859517,0.823012,0.899410,0.047667,715,15000,0.299216,0.244812,0.202487,0.463079,0.861024,0.856942,377752,81235,42248,377752
0.400000,0.600000,0.400000,5,1.500000,0.930000,0.859508,0.823050,0.899345,0.047667,715,15000,0.298126,0.242202,0.197995,0.465303,0.860984,0.856496,377725,81208,42275,377725
0.400000,0.600000,0.350000,5,1.500000,0.930000,0.859491,0.823033,0.899329,0.047667,715,15000,0.298156,0.242816,0.199368,0.463775,0.860930,0.856760,377718,81216,42282,377718
0.400000,0.500000,0.400000,6,2.500000,1.270000,0.859388,0.820226,0.902479,0.053800,807,15000,0.301587,0.244699,0.199192,0.473685,0.861413,0.856261,379041,83077,40959,379041
0.400000,0.500000,0.250000,5,1.500000,0.930000,0.859338,0.822636,0.899467,0.047667,715,15000,0.302411,0.249139,0.208261,0.465698,0.861231,0.856581,377776,81450,42224,377776
0.400000,0.500000,0.300000,5,1.500000,0.930000,0.859299,0.822667,0.899345,0.047667,715,15000,0.299152,0.244757,0.202463,0.462833,0.860965,0.856680,377725,81422,42275,377725
0.400000,0.500000,0.400000,5,1.500000,0.930000,0.859289,0.822704,0.899279,0.047667,715,15000,0.298057,0.242142,0.197955,0.465095,0.860942,0.856261,377697,81395,42303,377697
0.400000,0.500000,0.350000,5,1.500000,0.930000,0.859279,0.822694,0.899269,0.047667,715,15000,0.298095,0.242764,0.199338,0.463598,0.860871,0.856533,377693,81400,42307,377693
0.400000,0.700000,0.300000,6,1.500000,0.990000,0.857913,0.818736,0.901029,0.053800,807,15000,0.300567,0.245972,0.203355,0.466680,0.860259,0.856942,378432,83783,41568,378432
0.400000,0.700000,0.250000,6,1.500000,0.990000,0.857823,0.818599,0.900995,0.053800,807,15000,0.303844,0.250364,0.209186,0.469728,0.860703,0.856843,378418,83857,41582,378418
0.400000,0.700000,0.350000,6,1.500000,0.990000,0.857738,0.818588,0.900821,0.053800,807,15000,0.299378,0.243902,0.200138,0.467253,0.860053,0.856760,378345,83847,41655,378345
0.400000,0.700000,0.400000,6,1.500000,0.990000,0.857448,0.818347,0.900474,0.053800,807,15000,0.299259,0.243174,0.198663,0.468062,0.860276,0.856496,378199,83951,41801,378199
0.400000,0.600000,0.300000,6,1.500000,0.990000,0.856942,0.816838,0.901188,0.053800,807,15000,0.300360,0.245741,0.203119,0.466210,0.859231,0.856680,378499,84872,41501,378499
0.400000,0.600000,0.250000,6,1.500000,0.990000,0.856843,0.816687,0.901152,0.053800,807,15000,0.303605,0.250139,0.208961,0.469121,0.859577,0.856581,378484,84954,41516,378484
0.400000,0.600000,0.350000,6,1.500000,0.990000,0.856760,0.816718,0.900931,0.053800,807,15000,0.299233,0.243726,0.199936,0.466675,0.859060,0.856496,378391,84916,41609,378391
0.400000,0.500000,0.300000,6,1.500000,0.990000,0.856680,0.816421,0.901117,0.053800,807,15000,0.300259,0.245660,0.203087,0.465893,0.859252,0.856533,378469,85102,41531,378469
0.400000,0.500000,0.250000,6,1.500000,0.990000,0.856581,0.816272,0.901079,0.053800,807,15000,0.303456,0.250023,0.208901,0.468632,0.859727,0.856581,378453,85183,41547,378453
0.400000,0.500000,0.350000,6,1.500000,0.990000,0.856533,0.816351,0.900876,0.053800,807,15000,0.299160,0.243660,0.199896,0.466424,0.859091,0.856261,378368,85119,41632,378368
0.400000,0.600000,0.400000,6,1.500000,0.990000,0.856496,0.816501,0.900612,0.053800,807,15000,0.299132,0.243003,0.198456,0.467633,0.859207,0.856261,378257,85009,41743,378257
0.550000,0.700000,0.350000,1,4.000000,0.890000,0.856380,0.898739,0.817833,0.006200,93,15000,0.292347,0.239788,0.198763,0.452348,0.855194,0.827782,343490,38701,76510,343490
0.550000,0.700000,0.400000,1,4.000000,0.890000,0.856363,0.898749,0.817795,0.006200,93,15000,0.292003,0.238875,0.197130,0.452623,0.855019,0.827753,343474,38695,76526,343474
0.550000,0.700000,0.300000,1,4.000000,0.890000,0.856304,0.898596,0.817814,0.006200,93,15000,0.293576,0.241749,0.201699,0.453043,0.855152,0.827786,343482,38761,76518,343482
0.400000,0.500000,0.400000,6,1.500000,0.990000,0.856261,0.816125,0.900548,0.053800,807,15000,0.299066,0.242942,0.198415,0.467438,0.859366,0.856261,378230,85216,41770,378230
0.550000,0.700000,0.250000,1,4.000000,0.890000,0.856187,0.898445,0.817726,0.006200,93,15000,0.296312,0.245478,0.206803,0.454707,0.854923,0.827753,343445,38821,76555,343445
0.550000,0.600000,0.350000,1,4.000000,0.890000,0.856135,0.897261,0.818614,0.006200,93,15000,0.291997,0.239512,0.198574,0.451527,0.855147,0.827602,343818,39368,76182,343818
0.550000,0.600000,0.400000,1,4.000000,0.890000,0.856089,0.897240,0.818548,0.006200,93,15000,0.291611,0.238578,0.196950,0.451792,0.855012,0.827576,343790,39374,76210,343790
0.550000,0.500000,0.350000,1,4.000000,0.890000,0.856079,0.897105,0.818640,0.006200,93,15000,0.291987,0.239498,0.198562,0.451448,0.854952,0.827561,343829,39436,76171,343829
0.550000,0.600000,0.300000,1,4.000000,0.890000,0.856033,0.897099,0.818562,0.006200,93,15000,0.293205,0.241444,0.201459,0.452192,0.855105,0.827600,343796,39435,76204,343796
0.550000,0.500000,0.400000,1,4.000000,0.890000,0.856032,0.897084,0.818574,0.006200,93,15000,0.291599,0.238562,0.196940,0.451719,0.854781,0.827536,343801,39442,76199,343801
0.400000,0.700000,0.400000,0,4.000000,0.730000,0.856012,0.864428,0.847757,0.010533,158,15000,0.296216,0.240021,0.195361,0.461655,0.857417,0.855052,356058,55842,63942,356058
0.400000,0.700000,0.350000,0,4.000000,0.730000,0.856007,0.864405,0.847771,0.010533,158,15000,0.296296,0.240499,0.196359,0.461612,0.857189,0.855034,356064,55854,63936,356064
0.550000,0.500000,0.300000,1,4.000000,0.890000,0.855983,0.896954,0.818590,0.006200,93,15000,0.293202,0.241433,0.201445,0.452131,0.854915,0.827560,343808,39498,76192,343808
0.550000,0.600000,0.250000,1,4.000000,0.890000,0.855962,0.897013,0.818505,0.006200,93,15000,0.295939,0.245161,0.206538,0.453908,0.854933,0.827584,343772,39469,76228,343772
0.550000,0.500000,0.250000,1,4.000000,0.890000,0.855914,0.896869,0.818536,0.006200,93,15000,0.295933,0.245146,0.206512,0.453822,0.854716,0.827543,343785,39532,76215,343785
0.400000,0.700000,0.300000,0,4.000000,0.730000,0.855881,0.864241,0.847681,0.010533,158,15000,0.297139,0.241948,0.198465,0.461553,0.857099,0.854914,356026,55926,63974,356026
0.400000,0.700000,0.250000,0,4.000000,0.730000,0.855791,0.864107,0.847633,0.010533,158,15000,0.299416,0.245033,0.202457,0.463727,0.857243,0.854903,356006,55987,63994,356006
0.400000,0.600000,0.350000,0,4.000000,0.730000,0.855767,0.863237,0.848426,0.010533,158,15000,0.296109,0.240302,0.196166,0.461288,0.856886,0.854939,356339,56455,63661,356339
0.400000,0.600000,0.400000,0,4.000000,0.730000,0.855757,0.863240,0.848402,0.010533,158,15000,0.295980,0.239797,0.195175,0.461100,0.857062,0.854959,356329,56452,63671,356329
0.400000,0.500000,0.350000,0,4.000000,0.730000,0.855680,0.863061,0.848424,0.010533,158,15000,0.296111,0.240296,0.196161,0.461261,0.856956,0.854899,356338,56539,63662,356338
0.400000,0.500000,0.400000,0,4.000000,0.730000,0.855669,0.863064,0.848400,0.010533,158,15000,0.295986,0.239793,0.195174,0.461071,0.857187,0.854919,356328,56536,63672,356328
0.400000,0.600000,0.300000,0,4.000000,0.730000,0.855655,0.863090,0.848348,0.010533,158,15000,0.296973,0.241765,0.198255,0.461301,0.856788,0.854814,356306,56520,63694,356306
0.400000,0.500000,0.300000,0,4.000000,0.730000,0.855568,0.862914,0.848345,0.010533,158,15000,0.296969,0.241757,0.198250,0.461253,0.856862,0.854771,356305,56604,63695,356305
0.400000,0.600000,0.250000,0,4.000000,0.730000,0.855566,0.862960,0.848298,0.010533,158,15000,0.299298,0.244871,0.202233,0.463580,0.856888,0.854805,356285,56579,63715,356285
0.400000,0.500000,0.250000,0,4.000000,0.730000,0.855483,0.862789,0.848300,0.010533,158,15000,0.299298,0.244866,0.202230,0.463520,0.857020,0.854763,356286,56661,63714,356286
0.400000,0.700000,0.400000,0,2.500000,0.670000,0.855365,0.862987,0.847876,0.010533,158,15000,0.296888,0.240363,0.195321,0.462845,0.856597,0.854514,356108,56538,63892,356108
0.400000,0.700000,0.350000,0,2.500000,0.670000,0.855294,0.862879,0.847840,0.010533,158,15000,0.297033,0.240901,0.196372,0.462855,0.856409,0.854493,356093,56587,63907,356093
0.550000,0.700000,0.400000,1,2.500000,0.770000,0.855270,0.895745,0.818295,0.006200,93,15000,0.291601,0.238478,0.196883,0.451408,0.854390,0.827429,343684,40001,76316,343684
0.400000,0.700000,0.300000,0,2.500000,0.670000,0.855256,0.862802,0.847840,0.010533,158,15000,0.297992,0.242400,0.198479,0.463076,0.856333,0.854368,356093,56624,63907,356093
0.550000,0.700000,0.350000,1,2.500000,0.770000,0.855230,0.895731,0.818233,0.006200,93,15000,0.291989,0.239415,0.198519,0.451191,0.854470,0.827465,343658,40004,76342,343658
0.550000,0.700000,0.300000,1,2.500000,0.770000,0.855228,0.895707,0.818250,0.006200,93,15000,0.293378,0.241483,0.201465,0.452052,0.854427,0.827432,343665,40015,76335,343665
0.400000,0.700000,0.250000,0,2.500000,0.670000,0.855190,0.862670,0.847838,0.010533,158,15000,0.300151,0.245420,0.202463,0.465243,0.856432,0.854329,356092,56687,63908,356092
0.550000,0.700000,0.250000,1,2.500000,0.770000,0.855139,0.895539,0.818226,0.006200,93,15000,0.296099,0.245197,0.206513,0.453809,0.854278,0.827353,343655,40086,76345,343655
0.400000,0.600000,0.400000,0,2.500000,0.670000,0.855124,0.861865,0.848488,0.010533,158,15000,0.296672,0.240166,0.195177,0.462290,0.856281,0.854405,356365,57116,63635,356365
0.400000,0.600000,0.350000,0,2.500000,0.670000,0.855078,0.861781,0.848479,0.010533,158,15000,0.296856,0.240716,0.196204,0.462500,0.856121,0.854379,356361,57156,63639,356361
0.450000,0.700000,0.400000,0,4.000000,0.730000,0.855052,0.880345,0.831171,0.007200,108,15000,0.294420,0.239163,0.195426,0.458725,0.855807,0.846189,349092,47448,70908,349092
0.400000,0.500000,0.400000,0,2.500000,0.670000,0.855048,0.861706,0.848493,0.010533,158,15000,0.296687,0.240166,0.195174,0.462258,0.856355,0.854372,356367,57193,63633,356367
0.450000,0.700000,0.350000,0,4.000000,0.730000,0.855034,0.880291,0.831186,0.007200,108,15000,0.294665,0.239741,0.196391,0.459053,0.855689,0.846212,349098,47473,70902,349098
0.400000,0.600000,0.300000,0,2.500000,0.670000,0.855033,0.861708,0.848462,0.010533,158,15000,0.297814,0.242215,0.198301,0.462672,0.856056,0.854257,356354,57190,63646,356354
0.400000,0.700000,0.400000,0,1.500000,0.630000,0.855007,0.862079,0.848050,0.010533,158,15000,0.297379,0.240666,0.195407,0.463974,0.856324,0.854166,356181,56984,63819,356181
0.550000,0.600000,0.400000,1,2.500000,0.770000,0.855002,0.894276,0.819033,0.006200,93,15000,0.291227,0.238191,0.196702,0.450591,0.854302,0.827261,343994,40668,76006,343994
0.400000,0.500000,0.350000,0,2.500000,0.670000,0.855002,0.861621,0.848483,0.010533,158,15000,0.296868,0.240713,0.196199,0.462469,0.856167,0.854347,356363,57233,63637,356363
0.550000,0.600000,0.350000,1,2.500000,0.770000,0.854978,0.894280,0.818986,0.006200,93,15000,0.291657,0.239149,0.198331,0.450338,0.854357,0.827289,343974,40664,76026,343974
0.400000,0.600000,0.250000,0,2.500000,0.670000,0.854961,0.861578,0.848445,0.010533,158,15000,0.299997,0.245253,0.202285,0.464891,0.856124,0.854218,356347,57251,63653,356347
0.550000,0.500000,0.400000,1,2.500000,0.770000,0.854959,0.894136,0.819071,0.006200,93,15000,0.291230,0.238186,0.196697,0.450551,0.854140,0.827221,344010,40730,75990,344010
0.450000,0.600000,0.400000,0,4.000000,0.730000,0.854959,0.879197,0.832021,0.007200,108,15000,0.294215,0.238964,0.195232,0.457937,0.855620,0.846100,349449,48015,70551,349449
0.400000,0.500000,0.300000,0,2.500000,0.670000,0.854955,0.861545,0.848464,0.010533,158,15000,0.297818,0.242208,0.198297,0.462617,0.856098,0.854222,356355,57268,63645,356355
0.450000,0.600000,0.350000,0,4.000000,0.730000,0.854939,0.879141,0.832033,0.007200,108,15000,0.294493,0.239563,0.196198,0.458340,0.855524,0.846104,349454,48041,70546,349454
0.550000,0.500000,0.350000,1,2.500000,0.770000,0.854935,0.894140,0.819024,0.006200,93,15000,0.291661,0.239145,0.198325,0.450295,0.854219,0.827249,343990,40726,76010,343990
0.550000,0.600000,0.300000,1,2.500000,0.770000,0.854934,0.894214,0.818960,0.006200,93,15000,0.292995,0.241174,0.201236,0.451162,0.854316,0.827250,343963,40691,76037,343963
0.400000,0.700000,0.350000,0,1.500000,0.630000,0.854926,0.861986,0.847981,0.010533,158,15000,0.297565,0.241213,0.196418,0.464219,0.856077,0.854135,356152,57024,63848,356152
0.450000,0.500000,0.400000,0,4.000000,0.730000,0.854919,0.879081,0.832050,0.007200,108,15000,0.294231,0.238970,0.195242,0.457901,0.855663,0.846063,349461,48069,70539,349461
0.450000,0.700000,0.300000,0,4.000000,0.730000,0.854914,0.880134,0.831100,0.007200,108,15000,0.295398,0.241111,0.198464,0.458771,0.855596,0.846126,349062,47539,70938,349062
0.450000,0.700000,0.250000,0,4.000000,0.730000,0.854903,0.880076,0.831131,0.007200,108,15000,0.297753,0.244131,0.202156,0.460989,0.855622,0.846113,349075,47567,70925,349075
0.450000,0.500000,0.350000,0,4.000000,0.730000,0.854899,0.879025,0.832062,0.007200,108,15000,0.294509,0.239571,0.196210,0.458328,0.855546,0.846067,349466,48095,70534,349466
0.550000,0.600000,0.250000,1,2.500000,0.770000,0.854897,0.894120,0.818971,0.006200,93,15000,0.295720,0.244881,0.206280,0.452970,0.854204,0.827168,343968,40732,76032,343968
0.550000,0.500000,0.300000,1,2.500000,0.770000,0.854887,0.894071,0.818993,0.006200,93,15000,0.292995,0.241167,0.201223,0.451118,0.854174,0.827211,343977,40754,76023,343977
0.400000,0.500000,0.250000,0,2.500000,0.670000,0.854886,0.861421,0.848450,0.010533,158,15000,0.299998,0.245246,0.202285,0.464819,0.856204,0.854182,356349,57327,63651,356349
0.550000,0.500000,0.250000,1,2.500000,0.770000,0.854852,0.893978,0.819007,0.006200,93,15000,0.295716,0.244868,0.206256,0.452900,0.854048,0.827127,343983,40795,76017,343983
0.400000,0.700000,0.300000,0,1.500000,0.630000,0.854826,0.861844,0.847921,0.010533,158,15000,0.298497,0.242697,0.198532,0.464301,0.856004,0.854014,356127,57088,63873,356127
0.450000,0.600000,0.300000,0,4.000000,0.730000,0.854814,0.878982,0.831938,0.007200,108,15000,0.295235,0.240946,0.198272,0.458212,0.855431,0.846031,349414,48107,70586,349414
0.450000,0.600000,0.250000,0,4.000000,0.730000,0.854805,0.878933,0.831967,0.007200,108,15000,0.297585,0.243966,0.201977,0.460466,0.855444,0.846028,349426,48131,70574,349426
0.400000,0.700000,0.250000,0,1.500000,0.630000,0.854786,0.861719,0.847964,0.010533,158,15000,0.300580,0.245660,0.202463,0.466074,0.856144,0.853947,356145,57151,63855,356145
0.450000,0.500000,0.300000,0,4.000000,0.730000,0.854771,0.878864,0.831964,0.007200,108,15000,0.295251,0.240954,0.198285,0.458191,0.855456,0.845992,349425,48162,70575,349425
0.450000,0.500000,0.250000,0,4.000000,0.730000,0.854763,0.878815,0.831993,0.007200,108,15000,0.297599,0.243972,0.201984,0.460446,0.855482,0.845988,349437,48186,70563,349437
0.400000,0.600000,0.400000,0,1.500000,0.630000,0.854759,0.860990,0.848617,0.010533,158,15000,0.297161,0.240476,0.195278,0.463386,0.855981,0.854018,356419,57545,63581,356419
0.400000,0.600000,0.350000,0,1.500000,0.630000,0.854699,0.860914,0.848574,0.010533,158,15000,0.297374,0.241025,0.196262,0.463808,0.855776,0.853988,356401,57579,63599,356401
0.400000,0.500000,0.400000,0,1.500000,0.630000,0.854675,0.860824,0.848614,0.010533,158,15000,0.297186,0.240482,0.195280,0.463370,0.856093,0.853981,356418,57625,63582,356418
0.400000,0.500000,0.350000,0,1.500000,0.630000,0.854618,0.860749,0.848574,0.010533,158,15000,0.297400,0.241031,0.196260,0.463796,0.855843,0.853951,356401,57658,63599,356401
0.400000,0.600000,0.300000,0,1.500000,0.630000,0.854617,0.860782,0.848540,0.010533,158,15000,0.298322,0.242520,0.198373,0.463910,0.855703,0.853878,356387,57640,63613,356387
0.400000,0.600000,0.250000,0,1.500000,0.630000,0.854562,0.860653,0.848557,0.010533,158,15000,0.300423,0.245494,0.202300,0.465731,0.855801,0.853791,356394,57703,63606,356394
0.400000,0.500000,0.300000,0,1.500000,0.630000,0.854534,0.860615,0.848538,0.010533,158,15000,0.298342,0.242525,0.198374,0.463885,0.855774,0.853836,356386,57720,63614,356386
0.450000,0.700000,0.400000,0,2.500000,0.670000,0.854514,0.878900,0.831445,0.007200,108,15000,0.295139,0.239507,0.195337,0.459968,0.855152,0.845787,349207,48116,70793,349207
0.450000,0.700000,0.350000,0,2.500000,0.670000,0.854493,0.878855,0.831445,0.007200,108,15000,0.295374,0.240083,0.196295,0.460412,0.855048,0.845799,349207,48136,70793,349207
0.400000,0.500000,0.250000,0,1.500000,0.630000,0.854485,0.860492,0.848562,0.010533,158,15000,0.300442,0.245498,0.202299,0.465697,0.855922,0.853751,356396,57781,63604,356396
0.550000,0.700000,0.400000,1,1.500000,0.690000,0.854447,0.893372,0.818771,0.006200,93,15000,0.292098,0.238685,0.196820,0.452085,0.853457,0.827150,343884,41044,76116,343884
0.450000,0.600000,0.400000,0,2.500000,0.670000,0.854405,0.877793,0.832231,0.007200,108,15000,0.294912,0.239310,0.195172,0.459233,0.854983,0.845678,349537,48663,70463,349537
0.450000,0.600000,0.350000,0,2.500000,0.670000,0.854379,0.877742,0.832229,0.007200,108,15000,0.295178,0.239901,0.196122,0.459645,0.854894,0.845681,349536,48686,70464,349536
0.450000,0.500000,0.400000,0,2.500000,0.670000,0.854372,0.877687,0.832264,0.007200,108,15000,0.294935,0.239319,0.195179,0.459221,0.855005,0.845641,349551,48713,70449,349551
0.450000,0.700000,0.300000,0,2.500000,0.670000,0.854368,0.878705,0.831343,0.007200,108,15000,0.296194,0.241489,0.198347,0.460595,0.854963,0.845705,349164,48198,70836,349164
0.450000,0.500000,0.350000,0,2.500000,0.670000,0.854347,0.877636,0.832262,0.007200,108,15000,0.295201,0.239911,0.196130,0.459649,0.854901,0.845644,349550,48736,70450,349550
0.450000,0.700000,0.250000,0,2.500000,0.670000,0.854329,0.878595,0.831367,0.007200,108,15000,0.298392,0.244428,0.202105,0.462459,0.854978,0.845607,349174,48249,70826,349174
0.550000,0.700000,0.350000,1,1.500000,0.690000,0.854310,0.893196,0.818669,0.006200,93,15000,0.292328,0.239541,0.198424,0.451527,0.853541,0.827193,343841,41115,76159,343841
0.550000,0.700000,0.300000,1,1.500000,0.690000,0.854293,0.893135,0.818688,0.006200,93,15000,0.293614,0.241553,0.201386,0.452140,0.853489,0.827165,343849,41142,76151,343849
0.450000,0.600000,0.300000,0,2.500000,0.670000,0.854257,0.877586,0.832136,0.007200,108,15000,0.295992,0.241303,0.198162,0.459936,0.854805,0.845596,349497,48751,70503,349497
0.550000,0.700000,0.250000,1,1.500000,0.690000,0.854237,0.892978,0.818717,0.006200,93,15000,0.296377,0.245307,0.206476,0.453899,0.853346,0.827162,343861,41211,76139,343861
0.450000,0.500000,0.300000,0,2.500000,0.670000,0.854222,0.877478,0.832167,0.007200,108,15000,0.296014,0.241312,0.198171,0.459932,0.854815,0.845559,349510,48802,70490,349510
0.450000,0.600000,0.250000,0,2.500000,0.670000,0.854218,0.877491,0.832148,0.007200,108,15000,0.298200,0.244253,0.201937,0.461851,0.854809,0.845506,349502,48795,70498,349502
0.450000,0.500000,0.250000,0,2.500000,0.670000,0.854182,0.877382,0.832176,0.007200,108,15000,0.298212,0.244258,0.201943,0.461842,0.854832,0.845467,349514,48846,70486,349514
0.450000,0.700000,0.400000,0,1.500000,0.630000,0.854166,0.877932,0.831652,0.007200,108,15000,0.295526,0.239761,0.195445,0.460877,0.854808,0.845482,349294,48566,70706,349294
0.550000,0.600000,0.400000,1,1.500000,0.690000,0.854162,0.891965,0.819433,0.006200,93,15000,0.291691,0.238385,0.196651,0.451189,0.853396,0.826943,344162,41685,75838,344162
0.450000,0.700000,0.350000,0,1.500000,0.630000,0.854135,0.877888,0.831633,0.007200,108,15000,0.295850,0.240389,0.196417,0.461500,0.854690,0.845508,349286,48585,70714,349286
0.550000,0.500000,0.400000,1,1.500000,0.690000,0.854114,0.891817,0.819469,0.006200,93,15000,0.291692,0.238376,0.196641,0.451141,0.853210,0.826905,344177,41751,75823,344177
0.550000,0.600000,0.350000,1,1.500000,0.690000,0.854045,0.891807,0.819350,0.006200,93,15000,0.291976,0.239267,0.198243,0.450632,0.853431,0.826988,344127,41749,75873,344127
0.450000,0.600000,0.400000,0,1.500000,0.630000,0.854018,0.876836,0.832357,0.007200,108,15000,0.295291,0.239568,0.195296,0.460068,0.854614,0.845331,349590,49105,70410,349590
0.450000,0.700000,0.300000,0,1.500000,0.630000,0.854014,0.877705,0.831569,0.007200,108,15000,0.296707,0.241808,0.198462,0.461636,0.854607,0.845385,349259,48664,70741,349259
0.550000,0.500000,0.350000,1,1.500000,0.690000,0.853996,0.891659,0.819386,0.006200,93,15000,0.291979,0.239260,0.198232,0.450578,0.853283,0.826949,344142,41815,75858,344142
0.550000,0.600000,0.300000,1,1.500000,0.690000,0.853996,0.891709,0.819343,0.006200,93,15000,0.293241,0.241258,0.201180,0.451244,0.853382,0.826945,344124,41791,75876,344124
0.450000,0.600000,0.350000,0,1.500000,0.630000,0.853988,0.876782,0.832350,0.007200,108,15000,0.295625,0.240198,0.196249,0.460670,0.854513,0.845336,349587,49129,70413,349587
0.550000,0.600000,0.250000,1,1.500000,0.690000,0.853986,0.891607,0.819412,0.006200,93,15000,0.296014,0.245011,0.206269,0.453089,0.853278,0.826944,344153,41839,75847,344153
0.450000,0.500000,0.400000,0,1.500000,0.630000,0.853981,0.876723,0.832388,0.007200,108,15000,0.295314,0.239576,0.195303,0.460059,0.854640,0.845292,349603,49158,70397,349603
0.450000,0.500000,0.350000,0,1.500000,0.630000,0.853951,0.876669,0.832381,0.007200,108,15000,0.295649,0.240207,0.196257,0.460674,0.854521,0.845297,349600,49182,70400,349600
0.450000,0.700000,0.250000,0,1.500000,0.630000,0.853947,0.877576,0.831557,0.007200,108,15000,0.298692,0.244601,0.202102,0.463051,0.854628,0.845297,349254,48722,70746,349254
0.550000,0.500000,0.300000,1,1.500000,0.690000,0.853943,0.891558,0.819374,0.006200,93,15000,0.293241,0.241247,0.201162,0.451187,0.853228,0.826906,344137,41858,75863,344137
0.550000,0.500000,0.250000,1,1.500000,0.690000,0.853933,0.891458,0.819440,0.006200,93,15000,0.296000,0.244992,0.206245,0.453010,0.853102,0.826904,344165,41905,75835,344165
0.450000,0.600000,0.300000,0,1.500000,0.630000,0.853878,0.876602,0.832302,0.007200,108,15000,0.296494,0.241619,0.198285,0.460855,0.854429,0.845248,349567,49208,70433,349567
0.450000,0.500000,0.300000,0,1.500000,0.630000,0.853836,0.876487,0.832326,0.007200,108,15000,0.296512,0.241626,0.198294,0.460860,0.854442,0.845207,349577,49262,70423,349577
0.450000,0.600000,0.250000,0,1.500000,0.630000,0.853791,0.876467,0.832260,0.007200,108,15000,0.298503,0.244429,0.201946,0.462396,0.854434,0.845169,349549,49267,70451,349549
0.450000,0.500000,0.250000,0,1.500000,0.630000,0.853751,0.876354,0.832286,0.007200,108,15000,0.298517,0.244433,0.201950,0.462389,0.854465,0.845128,349560,49320,70440,349560
0.500000,0.700000,0.350000,0,4.000000,0.730000,0.846212,0.892310,0.804643,0.004733,71,15000,0.293511,0.239445,0.196702,0.456926,0.847403,0.827782,337950,40786,82050,337950
0.500000,0.700000,0.400000,0,4.000000,0.730000,0.846189,0.892304,0.804607,0.004733,71,15000,0.293113,0.238754,0.195757,0.456480,0.847573,0.827753,337935,40787,82065,337935
0.500000,0.700000,0.300000,0,4.000000,0.730000,0.846126,0.892175,0.804598,0.004733,71,15000,0.294344,0.240813,0.198789,0.457366,0.847349,0.827786,337931,40841,82069,337931
0.500000,0.700000,0.250000,0,4.000000,0.730000,0.846113,0.892127,0.804612,0.004733,71,15000,0.296288,0.243428,0.202240,0.459382,0.847472,0.827753,337937,40862,82063,337937
0.500000,0.600000,0.350000,0,4.000000,0.730000,0.846104,0.891072,0.805457,0.004733,71,15000,0.293179,0.239197,0.196524,0.456046,0.847183,0.827602,338292,41354,81708,338292
0.500000,0.600000,0.400000,0,4.000000,0.730000,0.846100,0.891088,0.805436,0.004733,71,15000,0.292804,0.238517,0.195589,0.455673,0.847313,0.827576,338283,41346,81717,338283
0.500000,0.500000,0.350000,0,4.000000,0.730000,0.846067,0.890943,0.805495,0.004733,71,15000,0.293198,0.239206,0.196518,0.456080,0.847273,0.827561,338308,41411,81692,338308
0.500000,0.500000,0.400000,0,4.000000,0.730000,0.846063,0.890959,0.805474,0.004733,71,15000,0.292818,0.238524,0.195590,0.455678,0.847442,0.827536,338299,41403,81701,338299
0.500000,0.600000,0.300000,0,4.000000,0.730000,0.846031,0.890951,0.805424,0.004733,71,15000,0.294058,0.240592,0.198633,0.456565,0.847126,0.827600,338278,41404,81722,338278
0.500000,0.600000,0.250000,0,4.000000,0.730000,0.846028,0.890920,0.805443,0.004733,71,15000,0.296024,0.243235,0.202143,0.458518,0.847223,0.827584,338286,41418,81714,338286
0.500000,0.500000,0.300000,0,4.000000,0.730000,0.845992,0.890819,0.805460,0.004733,71,15000,0.294079,0.240602,0.198625,0.456599,0.847219,0.827560,338293,41462,81707,338293
0.500000,0.500000,0.250000,0,4.000000,0.730000,0.845988,0.890789,0.805479,0.004733,71,15000,0.296049,0.243248,0.202137,0.458561,0.847351,0.827543,338301,41476,81699,338301
0.500000,0.700000,0.350000,0,2.500000,0.670000,0.845799,0.890930,0.805019,0.004733,71,15000,0.294010,0.239683,0.196629,0.457689,0.846816,0.827465,338108,41392,81892,338108
0.500000,0.700000,0.400000,0,2.500000,0.670000,0.845787,0.890906,0.805017,0.004733,71,15000,0.293664,0.239007,0.195666,0.457313,0.846947,0.827429,338107,41402,81893,338107
0.500000,0.700000,0.300000,0,2.500000,0.670000,0.845705,0.890773,0.804979,0.004733,71,15000,0.294841,0.241043,0.198649,0.458356,0.846742,0.827432,338091,41457,81909,338091
0.500000,0.600000,0.350000,0,2.500000,0.670000,0.845681,0.889762,0.805762,0.004733,71,15000,0.293656,0.239425,0.196463,0.456784,0.846612,0.827289,338420,41929,81580,338420
0.500000,0.600000,0.400000,0,2.500000,0.670000,0.845678,0.889755,0.805762,0.004733,71,15000,0.293345,0.238775,0.195534,0.456527,0.846724,0.827261,338420,41932,81580,338420
0.500000,0.500000,0.350000,0,2.500000,0.670000,0.845644,0.889633,0.805800,0.004733,71,15000,0.293677,0.239437,0.196461,0.456822,0.846671,0.827249,338436,41986,81564,338436
0.500000,0.500000,0.400000,0,2.500000,0.670000,0.845641,0.889626,0.805800,0.004733,71,15000,0.293360,0.238783,0.195536,0.456536,0.846811,0.827221,338436,41989,81564,338436
0.500000,0.700000,0.250000,0,2.500000,0.670000,0.845607,0.890608,0.804936,0.004733,71,15000,0.296747,0.243616,0.202140,0.460377,0.846814,0.827353,338073,41525,81927,338073
0.500000,0.600000,0.300000,0,2.500000,0.670000,0.845596,0.889619,0.805724,0.004733,71,15000,0.294519,0.240803,0.198506,0.457584,0.846541,0.827250,338404,41988,81596,338404
0.500000,0.500000,0.300000,0,2.500000,0.670000,0.845559,0.889490,0.805762,0.004733,71,15000,0.294544,0.240818,0.198507,0.457624,0.846602,0.827211,338420,42045,81580,338420
0.500000,0.700000,0.350000,0,1.500000,0.630000,0.845508,0.889959,0.805286,0.004733,71,15000,0.294360,0.239871,0.196670,0.458573,0.846567,0.827193,338220,41820,81780,338220
0.500000,0.600000,0.250000,0,2.500000,0.670000,0.845506,0.889461,0.805690,0.004733,71,15000,0.296422,0.243384,0.202047,0.459477,0.846590,0.827168,338390,42054,81610,338390
0.500000,0.700000,0.400000,0,1.500000,0.630000,0.845482,0.889945,0.805250,0.004733,71,15000,0.293992,0.239220,0.195733,0.458167,0.846740,0.827150,338205,41824,81795,338205
0.500000,0.500000,0.250000,0,2.500000,0.670000,0.845467,0.889332,0.805726,0.004733,71,15000,0.296439,0.243394,0.202041,0.459531,0.846681,0.827127,338405,42111,81595,338405
0.500000,0.700000,0.300000,0,1.500000,0.630000,0.845385,0.889777,0.805212,0.004733,71,15000,0.295250,0.241265,0.198683,0.459202,0.846495,0.827165,338189,41894,81811,338189
0.500000,0.600000,0.350000,0,1.500000,0.630000,0.845336,0.888800,0.805924,0.004733,71,15000,0.294006,0.239632,0.196549,0.457667,0.846331,0.826988,338488,42349,81512,338488
0.500000,0.600000,0.400000,0,1.500000,0.630000,0.845331,0.888814,0.805905,0.004733,71,15000,0.293665,0.238998,0.195622,0.457323,0.846469,0.826943,338480,42342,81520,338480
0.500000,0.700000,0.250000,0,1.500000,0.630000,0.845297,0.889597,0.805200,0.004733,71,15000,0.297143,0.243852,0.202185,0.461125,0.846590,0.827162,338184,41970,81816,338184
0.500000,0.500000,0.350000,0,1.500000,0.630000,0.845297,0.888674,0.805957,0.004733,71,15000,0.294025,0.239641,0.196547,0.457710,0.846402,0.826949,338502,42405,81498,338502
0.500000,0.500000,0.400000,0,1.500000,0.630000,0.845292,0.888688,0.805938,0.004733,71,15000,0.293680,0.239006,0.195626,0.457332,0.846580,0.826905,338494,42398,81506,338494
0.500000,0.600000,0.300000,0,1.500000,0.630000,0.845248,0.888655,0.805883,0.004733,71,15000,0.294952,0.241051,0.198575,0.458391,0.846256,0.826945,338471,42409,81529,338471
0.500000,0.500000,0.300000,0,1.500000,0.630000,0.845207,0.888528,0.805914,0.004733,71,15000,0.294969,0.241059,0.198571,0.458442,0.846331,0.826906,338484,42465,81516,338484
0.500000,0.600000,0.250000,0,1.500000,0.630000,0.845169,0.888480,0.805883,0.004733,71,15000,0.296867,0.243657,0.202120,0.460260,0.846318,0.826944,338471,42484,81529,338471
0.500000,0.500000,0.250000,0,1.500000,0.630000,0.845128,0.888353,0.805914,0.004733,71,15000,0.296881,0.243663,0.202108,0.460311,0.846433,0.826904,338484,42540,81516,338484
0.550000,0.700000,0.300000,0,4.000000,0.730000,0.827786,0.901932,0.764905,0.003400,51,15000,0.293688,0.240668,0.198865,0.455951,0.834398,0.827432,321260,34931,98740,321260
0.550000,0.700000,0.350000,0,4.000000,0.730000,0.827782,0.901983,0.764862,0.003400,51,15000,0.292855,0.239405,0.196957,0.455420,0.834426,0.827465,321242,34909,98758,321242
0.550000,0.700000,0.400000,0,4.000000,0.730000,0.827753,0.901956,0.764831,0.003400,51,15000,0.292546,0.238802,0.196104,0.455332,0.835516,0.827429,321229,34918,98771,321229
0.550000,0.700000,0.250000,0,4.000000,0.730000,0.827753,0.901837,0.764917,0.003400,51,15000,0.295463,0.242974,0.201975,0.457916,0.835463,0.827353,321265,34969,98735,321265
0.550000,0.600000,0.350000,0,4.000000,0.730000,0.827602,0.900541,0.765593,0.003400,51,15000,0.292467,0.239082,0.196704,0.454580,0.833456,0.827289,321549,35513,98451,321549
0.550000,0.600000,0.300000,0,4.000000,0.730000,0.827600,0.900485,0.765631,0.003400,51,15000,0.293288,0.240334,0.198624,0.455121,0.833431,0.827250,321565,35537,98435,321565
0.550000,0.600000,0.250000,0,4.000000,0.730000,0.827584,0.900412,0.765655,0.003400,51,15000,0.295049,0.242624,0.201712,0.457044,0.834234,0.827168,321575,35567,98425,321575
0.550000,0.600000,0.400000,0,4.000000,0.730000,0.827576,0.900520,0.765564,0.003400,51,15000,0.292145,0.238472,0.195846,0.454430,0.834274,0.827261,321537,35520,98463,321537
0.550000,0.500000,0.350000,0,4.000000,0.730000,0.827561,0.900406,0.765621,0.003400,51,15000,0.292477,0.239085,0.196708,0.454558,0.834236,0.827249,321561,35568,98439,321561
0.550000,0.500000,0.300000,0,4.000000,0.730000,0.827560,0.900350,0.765660,0.003400,51,15000,0.293299,0.240338,0.198623,0.455100,0.834207,0.827211,321577,35592,98423,321577
0.550000,0.500000,0.250000,0,4.000000,0.730000,0.827543,0.900277,0.765683,0.003400,51,15000,0.295063,0.242628,0.201711,0.457017,0.835286,0.827127,321587,35622,98413,321587
0.550000,0.500000,0.400000,0,4.000000,0.730000,0.827536,0.900385,0.765593,0.003400,51,15000,0.292150,0.238472,0.195848,0.454394,0.835332,0.827221,321549,35575,98451,321549
0.550000,0.700000,0.350000,0,2.500000,0.670000,0.827465,0.900686,0.765255,0.003400,51,15000,0.293282,0.239575,0.196833,0.456133,0.833202,0.827193,321407,35440,98593,321407
0.550000,0.700000,0.300000,0,2.500000,0.670000,0.827432,0.900619,0.765245,0.003400,51,15000,0.294107,0.240829,0.198719,0.456826,0.833173,0.827165,321403,35466,98597,321403
0.550000,0.700000,0.400000,0,2.500000,0.670000,0.827429,0.900656,0.765214,0.003400,51,15000,0.292883,0.238901,0.195903,0.455880,0.834017,0.827150,321390,35450,98610,321390
0.550000,0.700000,0.250000,0,2.500000,0.670000,0.827353,0.900465,0.765221,0.003400,51,15000,0.295788,0.243069,0.201826,0.458711,0.833945,0.827162,321393,35526,98607,321393
0.550000,0.600000,0.350000,0,2.500000,0.670000,0.827289,0.899358,0.765914,0.003400,51,15000,0.292881,0.239261,0.196626,0.455271,0.832418,0.826988,321684,35998,98316,321684
0.550000,0.600000,0.400000,0,2.500000,0.670000,0.827261,0.899341,0.765879,0.003400,51,15000,0.292495,0.238600,0.195710,0.455108,0.833050,0.826943,321669,36003,98331,321669
0.550000,0.600000,0.300000,0,2.500000,0.670000,0.827250,0.899285,0.765900,0.003400,51,15000,0.293710,0.240517,0.198527,0.455960,0.832381,0.826945,321678,36026,98322,321678
0.550000,0.500000,0.350000,0,2.500000,0.670000,0.827249,0.899223,0.765943,0.003400,51,15000,0.292890,0.239264,0.196631,0.455249,0.833008,0.826949,321696,36053,98304,321696
0.550000,0.500000,0.400000,0,2.500000,0.670000,0.827221,0.899206,0.765907,0.003400,51,15000,0.292501,0.238599,0.195712,0.455072,0.833825,0.826905,321681,36058,98319,321681
0.550000,0.500000,0.300000,0,2.500000,0.670000,0.827211,0.899153,0.765929,0.003400,51,15000,0.293721,0.240520,0.198527,0.455939,0.832969,0.826906,321690,36080,98310,321690
0.550000,0.700000,0.350000,0,1.500000,0.630000,0.827193,0.899724,0.765483,0.003400,51,15000,0.293597,0.239763,0.196897,0.456741,0.833683,0.826988,321503,35832,98497,321503
0.550000,0.600000,0.250000,0,2.500000,0.670000,0.827168,0.899120,0.765879,0.003400,51,15000,0.295373,0.242739,0.201597,0.457886,0.832979,0.826944,321669,36091,98331,321669
0.550000,0.700000,0.300000,0,1.500000,0.630000,0.827165,0.899668,0.765476,0.003400,51,15000,0.294439,0.241015,0.198754,0.457618,0.833654,0.826945,321500,35854,98500,321500
0.550000,0.700000,0.250000,0,1.500000,0.630000,0.827162,0.899589,0.765529,0.003400,51,15000,0.296097,0.243246,0.201875,0.459287,0.834693,0.826944,321522,35888,98478,321522
0.550000,0.700000,0.400000,0,1.500000,0.630000,0.827150,0.899703,0.765426,0.003400,51,15000,0.293193,0.239110,0.195969,0.456535,0.834774,0.826943,321479,35838,98521,321479
0.550000,0.500000,0.250000,0,2.500000,0.670000,0.827127,0.898987,0.765905,0.003400,51,15000,0.295378,0.242739,0.201596,0.457863,0.833753,0.826904,321680,36145,98320,321680
0.550000,0.600000,0.350000,0,1.500000,0.630000,0.826988,0.898439,0.766064,0.003400,51,15000,0.293194,0.239472,0.196737,0.455906,0.832711,0.826943,321747,36371,98253,321747
0.550000,0.500000,0.350000,0,1.500000,0.630000,0.826949,0.898309,0.766093,0.003400,51,15000,0.293204,0.239475,0.196742,0.455884,0.833470,0.826905,321759,36424,98241,321759
0.550000,0.600000,0.300000,0,1.500000,0.630000,0.826945,0.898368,0.766043,0.003400,51,15000,0.294039,0.240723,0.198608,0.456746,0.832680,0.826906,321738,36398,98262,321738
0.550000,0.600000,0.250000,0,1.500000,0.630000,0.826944,0.898296,0.766093,0.003400,51,15000,0.295723,0.242961,0.201716,0.458478,0.833468,0.826904,321759,36429,98241,321759
0.550000,0.600000,0.400000,0,1.500000,0.630000,0.826943,0.898426,0.765998,0.003400,51,15000,0.292775,0.238809,0.195807,0.455736,0.833534,0.826905,321719,36373,98281,321719
0.550000,0.500000,0.300000,0,1.500000,0.630000,0.826906,0.898238,0.766069,0.003400,51,15000,0.294043,0.240724,0.198610,0.456719,0.833438,0.826904,321749,36451,98251,321749
0.550000,0.500000,0.400000,0,1.500000,0.630000,0.826905,0.898296,0.766026,0.003400,51,15000,0.292781,0.238810,0.195810,0.455702,0.834571,0.826905,321731,36426,98269,321731
0.550000,0.500000,0.250000,0,1.500000,0.630000,0.826904,0.898167,0.766119,0.003400,51,15000,0.295728,0.242963,0.201714,0.458451,0.834490,0.826904,321770,36482,98230,321770
